"CountryNameLab"	"CountryLabId"	"DivisionId"	"Division"	"DivisionIdNorm"	"DivisionNameNorm"
"Perú"	14	378	"AVSA FARMACÉUTICA S.A.C."	378	"AVSA "
"Perú"	14	377	"ATLANTIC COMERCE TRADING S.A.C."	377	"ATLANTIC COMERCE TRADING"
"Perú"	14	376	"ASTRAZENECA PERÚ S.A."	376	"ASTRAZENECA"
"Perú"	14	374	"ASTELLAS"	374	"ASTELLAS"
"México"	11	2828	"SALUDABLEMENTE S.A. DE C.V."	2828	"SALUDABLEMENTE"
"México"	11	2835	"LABORATORIOS JALOMA S.A. DE C.V."	2835	"JALOMA"
"Colombia"	4	351	"VESALIUS PHARMA LTDA."	351	"VESALIUS "
"Colombia"	4	349	"UNDRA"	349	"UNDRA"
"Colombia"	4	2827	"SANKI-S&M NANO-BIOTECHNOLOGY, S. A. de C. V."	2827	"SANKI"
"Colombia"	4	321	"PROFAMILIA"	321	"PROFAMILIA"
"México"	11	2643	"UP PHARMA, S.A. DE C.V."	2643	"ZELLER SUIZA"
"Ecuador"	6	1161	"ZAMBON GROUP"	1161	"ZAMBON"
"Ecuador"	6	1199	"ZAIMELLA"	1199	"ZAIMELLA"
"México"	11	194	"ZAFIRO, S.A. DE C.V., LABORATORIOS"	194	"ZAFIRO"
"México"	11	193	"WYETH, S.A. DE C.V."	192	"WYETH"
"Colombia"	4	358	"WYETH CONSUMER HEALTHCARE LTDA."	357	"WYETH"
"Chile"	38	2641	"WYETH CONSUMER HEALTHCARE CHILE"	2641	"WYETH"
"Colombia"	4	357	"WYETH"	357	"WYETH"
"Perú"	14	601	"WORLD PHARMA S.A.C."	601	"WORLD PHARMA "
"Colombia"	4	356	"WINTHROP PHARMACEUTICALS"	356	"WINTHROP "
"Colombia"	4	354	"WEIDER, LTDA."	354	"WEIDER"
"Perú"	14	599	"VITALIS PERU S.A.C."	599	"VITALIS"
"Centroamerica"	3	1402	"VITALIS"	1402	"VITALIS"
"Colombia"	4	352	"VITALCHEM LABORATORIES DE COLOMBIA LTDA."	352	"VITALCHEM "
"Perú"	14	598	"VITABIOTICS"	598	"VITABIOTICS"
"Centroamerica"	3	1348	"VIFOR (INTERNATIONAL) INC."	1348	"VIFOR"
"Colombia"	4	2471	"VENUS REMEDIES"	2471	"VENUS REMEDIES"
"Colombia"	4	350	"VANSOLIX"	350	"VANSOLIX"
"Centroamerica"	3	1347	"VALEANT FARMACÉUTICA, S.A. DE C.V."	1347	"VALEANT"
"México"	11	187	"VALEANT FARMACÉUTICA, S.A. DE C.V."	187	"VALEANT"
"México"	11	2339	"GELPHARMA, S.A. DE C.V."	2339	"GELPHARMA"
"México"	11	186	"VALDECASAS, S.A., LABORATORIOS"	186	"VALDECASAS"
"México"	11	184	"UNIPHARM DE MÉXICO S.A. DE C.V."	184	"UNIPHARM "
"Colombia"	4	260	"GRUPO UNIPHARM"	260	"UNIPHARM"
"México"	11	2336	"UNDRA, S.A. DE C.V."	2336	"UNDRA"
"México"	11	2510	"TOULOUSE PHARMA, S.A. DE C.V."	2510	"TOULOUSE PHARMA"
"México"	11	2342	"TORRENT, S.A. DE C.V., LABORATORIOS"	2342	"TORRENT"
"Ecuador"	6	1171	"TECNOQUÍMICAS S.A."	1171	"TECNOQUÍMICAS "
"Colombia"	4	348	"TECNOQUIMICAS"	348	"TECNOQUÍMICAS "
"Perú"	14	373	"APROPO"	373	"APROPO"
"México"	11	181	"TECNOFARMA, S.A. DE C.V."	181	"TECNOFARMA "
"Ecuador"	6	2344	"TESIA"	2344	"TESIA"
"Perú"	14	587	"TECNOFARMA S.A."	587	"TECNOFARMA "
"Colombia"	4	347	"TECNOFARMA"	347	"TECNOFARMA "
"Centroamerica"	3	1323	"TAKEDA MÉXICO S. A. DE C. V."	1323	"TAKEDA"
"Ecuador"	6	2645	"TAKEDA ECUADOR CÍA.LTDA."	2645	"TAKEDA"
"Colombia"	4	346	"SYNTHESIS - BOIRON"	345	"SYNTHESIS"
"Colombia"	4	345	"SYNTHESIS"	345	"SYNTHESIS"
"México"	11	97	"LABORATORIOS SYDENHAM S.A. DE C.V."	97	"SYDENHAM"
"México"	11	178	"SUPER MAYOREO NATURISTA , S.A. DE C.V."	178	"SUPER MAYOREO NATURISTA"
"Centroamerica"	3	1344	"SUIPHAR DOMINICANA S.R.L."	1344	"SUIPHAR "
"Colombia"	4	2829	"ALTADIS FARMACEUTICA S.A.S."	2829	"ALTADIS"
"Colombia"	4	344	"SUIPHAR DE COLOMBIA, S.A."	344	"SUIPHAR "
"Ecuador"	6	1154	"LABORATORIO SUIPHAR DEL ECUADOR S.A."	1154	"SUIPHAR "
"México"	11	175	"STIEFEL MEXICANA, S.A. DE C.V."	175	"STIEFEL"
"Ecuador"	6	2813	"LABORATORIOS STEIN S.A."	2813	"STEIN"
"México"	11	174	"SOPHIA S.A. DE C.V., LABORATORIOS"	174	"SOPHIA"
"México"	11	173	"SOLFRAN , S.A., LABORATORIOS"	173	"SOLFRAN"
"México"	11	2788	"SINAX"	2788	"SINAX"
"Colombia"	4	2761	"VICAR FARMACEUTICA S.A."	2761	"VICAR"
"Chile"	38	2632	"SILESIA S.A."	2632	"SILESIA"
"México"	11	96	"SIFI DE MÉXICO S.A DE C.V., LABORATORIOS"	96	"SIFI"
"Ecuador"	6	1360	"LABORATORIOS SIEGFRIED"	1360	"SIEGFRIED"
"México"	11	2810	"SHIRE PHARMACEUTICALS MEXICO S.A. DE C.V."	2810	"SHIRE"
"México"	11	2650	"SESDERMA MEXICO"	2650	"SESDERMA"
"Colombia"	4	339	"SERES"	339	"SERES"
"México"	11	168	"SENOSIAIN, S.A. DE C.V., LABORATORIOS"	168	"SENOSIAIN"
"Centroamerica"	3	1340	"SENOSIAIN, S.A. DE C.V. LABORATORIOS"	1340	"SENOSIAIN"
"México"	11	166	"SCHERING-PLOUGH, S.A. DE C.V."	165	"SCHERING-PLOUGH"
"Colombia"	4	316	"PLOUGH FARMACEUTICA"	316	"SCHERING-PLOUGH"
"Colombia"	4	340	"SOLMEDICAL"	340	"SOLMEDICAL"
"México"	11	164	"SBL PHARMACEUTICALS, S. DE R.L. DE C.V."	164	"SBL "
"Ecuador"	6	1170	"SAVAL S.A."	1170	"SAVAL "
"Chile"	38	2631	"SAVAL S. A."	2630	"SAVAL "
"Chile"	38	2630	"SAVAL - NICOLICH"	2630	"SAVAL "
"México"	11	162	"SANOFI-AVENTIS DE MÉXICO, S.A. DE C.V."	161	"SANOFI"
"Colombia"	4	334	"SANOFI-AVENTIS DE COLOMBIA, S.A."	333	"SANOFI"
"Perú"	14	577	"SENOSIAIN S.A DE C.V., LABORATORIOS"	577	"SENOSIAIN"
"Colombia"	4	333	"SANOFI PASTEUR S.A."	333	"SANOFI"
"Ecuador"	6	1149	"SANOFI PASTEUR"	1148	"SANOFI"
"Ecuador"	6	1148	"SANOFI - AVENTIS"	1148	"SANOFI"
"West Indies"	36	1358	"SANOFI"	1358	"SANOFI"
"México"	11	19	"AVENTIS PHARMA, S.A. DE C.V."	161	"SANOFI"
"México"	11	17	"AVENTIS BEHRING, S.A. DE   C.V.  (VÉASE ZLB BEHERING)"	161	"SANOFI"
"México"	11	2341	"S & M NANO - BIOTECHNOLOGY, S.A. DE C.V"	2341	"SANKI"
"Chile"	38	2593	"INSTITUTO SANITAS S. A."	2593	"SANITAS"
"México"	11	190	"WERMAR PHARMACEUTICALS, S.A. DE C.V."	190	"WERMAR PHARMACEUTICALS"
"Ecuador"	6	2808	"LABORATORIOS SANFER S.A."	2808	"SANFER"
"Ecuador"	6	2647	"SANDOZ"	2647	"SANDOZ"
"Chile"	38	2627	"SANDERSON S. A."	2627	"SANDERSON "
"Colombia"	4	338	"SCHERING-PLOUGH - DIVISIÓN DE BIOTECNOLOGÍA Y ONCOLOGÍA"	316	"SCHERING-PLOUGH"
"México"	11	157	"SALUD NATURAL MEXICANA, S.A. DE.  C.V."	157	"SALUD NATURAL "
"Chile"	38	2626	"ROYAL PHARMA"	2626	"ROYAL"
"Perú"	14	487	"LABORATORIO S.J. ROXFARMA S.A"	487	"ROXFARMA"
"Colombia"	4	2819	"QUIDECA – AH-ROBINS"	2765	"QUIDECA"
"Ecuador"	6	1146	"ROWE LABORATORIOS"	1146	"ROWE"
"Centroamerica"	3	1333	"ROTTA PHARMACEUTICALS"	1333	"ROTTA"
"México"	11	155	"ROMSA DE MÉXICO, S.A. DE C.V."	155	"ROMSA "
"Chile"	38	2625	"ROERIG S.A."	2625	"ROERIG"
"México"	11	158	"SALUS, S.A. DE C.V., LABORATORIOS"	158	"SALUS"
"Perú"	14	565	"ROEMMERS S.A."	565	"ROEMMERS"
"México"	11	183	"UCB DE MÉXICO, S.A. DE C.V."	183	"UCB "
"Centroamerica"	3	2660	"ROEMMERS CENTROAMERICA"	2660	"ROEMMERS"
"Ecuador"	6	1110	"LABORATORIOS ROCNARF, S. A."	1110	"ROCNARF"
"Colombia"	4	330	"ROCHE, S.A."	330	"ROCHE "
"Ecuador"	6	1143	"ROCHE ECUADOR, S.A."	1143	"ROCHE "
"Chile"	38	2623	"RIDER Ltda."	2623	"RIDER"
"Colombia"	4	329	"REMO"	329	"REMO"
"Ecuador"	6	2656	"UNIPHARM DEL ECUADOR S. A."	2656	"UNIPHARM "
"México"	11	2494	"RECKITT BENCKISER MÉXICO S.A. DE C.V."	2494	"RECKITT BENCKISER"
"Chile"	38	2622	"RECALCINE S. A."	2622	"RECALCINE"
"México"	11	1013	"LABORATORIOS REBSTER DE MÉXICO, S.A."	1013	"REBSTER"
"México"	11	149	"RAYERE, S.A., FARMACÉUTICOS"	149	"RAYERE"
"México"	11	185	"USANA MÉXICO, S.A. DE C.V."	185	"USANA"
"Centroamerica"	3	1331	"RARPE, S.A., LABORATORIOS"	1331	"RARPE"
"México"	11	148	"RANDALL LABORATORIOS, S.A. DE C.V."	148	"RANDALL "
"Centroamerica"	3	1380	"LABORATORIOS RAMOS, S.A."	1380	"RAMOS"
"México"	11	94	"LABORATORIOS RAAM DE SAHUAYO, S. A. DE C. V."	94	"RAAM"
"México"	11	146	"QUÍMICA Y FARMACIA, S.A. DE C.V."	146	"QUÍMICA Y FARMACIA"
"México"	11	145	"QUIMICA SON´S, S.A. DE C.V., LABORATORIOS "	145	"QUÍMICA SON´S"
"Colombia"	4	326	"QUIMICA PATRIC"	326	"QUÍMICA PATRIC"
"Colombia"	4	324	"QUIFARMACOS"	324	"QUIFARMACOS"
"México"	11	51	"ESPECÍFICOS STENDHAL, S.A. DE C.V."	51	"STENDHAL"
"Colombia"	4	323	"QUIDECA, S.A."	2765	"QUIDECA"
"Colombia"	4	2767	"QUIDECA – THEA"	2765	"QUIDECA"
"Colombia"	4	2770	"QUIDECA – OM PHARMA"	2765	"QUIDECA"
"Colombia"	4	2766	"QUIDECA – GILBER"	2765	"QUIDECA"
"México"	11	2776	"PROGELA"	2776	"PROGELA"
"Colombia"	4	2785	"PROFMA S.A.S"	2785	"PROFMA"
"Centroamerica"	3	1327	"PROBIOMED, S.A. DE C.V."	1327	"PROBIOMED"
"México"	11	1014	"VANQUISH"	1014	"VANQUISH"
"México"	11	136	"PROBIOMED, S.A. DE C.V."	136	"PROBIOMED"
"Chile"	38	2620	"PRATER S.A."	2620	"PRATER"
"México"	11	135	"PIZZARD, S.A. DE C.V., LABORATORIOS"	135	"PIZZARD"
"México"	11	134	"PISA, S.A. DE C.V., LABORATORIOS"	134	"PISA"
"Centroamerica"	3	1352	"LABORATORIOS PIERSAN"	1352	"PIERSAN"
"México"	11	2472	"PIERRE-FABRE FARMA DE MÉXICO, S.A. DE C.V."	133	"PIERRE FABRE"
"México"	11	133	"PIERRE FABRE MÉXICO, S.A. DE C.V."	133	"PIERRE FABRE"
"Ecuador"	6	1142	"CORPORACIÓN FARMACÉUTICA RECALCINE"	1142	"RECALCINE"
"México"	11	2664	"PHARMAGEN"	2664	"PHARMAGEN"
"Perú"	14	2482	"PHARMAGEN"	2482	"PHARMAGEN"
"Chile"	38	2617	"PHARMA INVESTI DE CHILE S. A."	2617	"PHARMA INVESTI"
"México"	11	131	"PFIZER, S.A. DE C.V."	130	"PFIZER"
"Ecuador"	6	1134	"PFIZER, CIA. LTDA."	1134	"PFIZER"
"Chile"	38	2616	"PFIZER DE CHILE S.A."	2616	"PFIZER"
"Colombia"	4	314	"PFIZER CONSUMER HEALTHCARE"	313	"PFIZER"
"México"	11	2679	"ZURICH PHARMA, S.A. DE C.V."	2679	"ZURICH PHARMA"
"Colombia"	4	313	"PFIZER"	313	"PFIZER"
"México"	11	2798	"PERRIGO"	2730	"PERRIGO"
"Ecuador"	6	1190	"LABORATORIOS TOFIS"	1190	"TOFIS"
"Perú"	14	1420	"TECHSPHERE PERÚ"	1420	"TECHSPHERE"
"México"	11	61	"GELCAPS EXPORTADORA DE MÉXICO, S.A. DE C.V."	2730	"PERRIGO"
"Centroamerica"	3	2756	"PERATRI, S.R.L."	2756	"PERATRI"
"México"	11	151	"REPRESENTACIONES E INVESTIGACIONES MÉDICAS, S.A. DE C.V."	151	"RIMSA"
"Colombia"	4	312	"PENTACOOP"	312	"PENTACOOP"
"Chile"	38	2613	"PASTEUR S.A."	2613	"PASTEUR"
"Perú"	14	538	"PALMAGYAR S.A."	538	"PALMAGYAR "
"Ecuador"	6	2797	"OXIALFARM CÍA. LTDA."	2797	"OXIALFARM"
"Colombia"	4	310	"ORGANON"	310	"ORGANON"
"Perú"	14	2481	"OQPHARMA S.A.C."	2481	"OQPHARMA"
"Colombia"	4	2454	"POEN"	2454	"POEN"
"Colombia"	4	308	"LABORATORIOS OPHARM, LTDA"	308	"OPHARM"
"México"	11	2762	"OMICRONLAB SA DE CV"	2762	"OMICRONLAB"
"Perú"	14	530	"OM PHARMA S.A"	530	"OM PHARMA"
"Colombia"	4	336	"SCHERING COLOMBIANA"	316	"SCHERING-PLOUGH"
"Centroamerica"	3	2671	"LABORATORIOS ROWE, S.R.L."	2671	"ROWE"
"México"	11	127	"OCTAPHARMA, S.A. DE C.V."	127	"OCTAPHARMA"
"Colombia"	4	315	"PISA"	315	"PISA"
"México"	11	125	"NUCITEC, S.A. DE C.V."	125	"NUCITEC"
"México"	11	124	"NOVUM-PHARMA, S.A. DE C.V."	124	"NOVUM-PHARMA"
"México"	11	2340	"NOVOPHARM, S.A. DE C.V."	2340	"NOVOPHARM"
"Colombia"	4	327	"RECIPE"	327	"RECIPE"
"Colombia"	4	2663	"NOVONORDISK"	2663	"NOVO NORDISK"
"Colombia"	4	305	"NOVARTIS DE COLOMBIA, S.A. - OTC"	304	"NOVARTIS"
"Colombia"	4	304	"NOVARTIS DE COLOMBIA, S.A. - FARMA"	304	"NOVARTIS"
"Chile"	38	2611	"NOVARTIS CHILE S.A."	2611	"NOVARTIS"
"Centroamerica"	3	2492	"TECNOQUIMICAS"	2492	"TECNOQUÍMICAS "
"Perú"	14	527	"NOVARTIS BIOSCIENCES PERU S.A."	527	"NOVARTIS"
"Centroamerica"	3	1321	"NORMON, S.A., LABORATORIOS"	1321	"NORMON"
"Colombia"	4	2412	"RECKITT BENCKISER"	2412	"RECKITT BENCKISER"
"Centroamerica"	3	1320	"NEWPORT PHARMACEUTICALS INTERNATIONAL INC."	1320	"NEWPORT"
"Colombia"	4	301	"NEVOX FARMA, S.A."	301	"NEVOX FARMA"
"Colombia"	4	298	"NEO"	298	"NEO"
"México"	11	119	"NAFAR, S.A."	119	"NAFAR"
"Colombia"	4	2661	"MUNDIPHARMA COLOMBIA S.A.S"	2661	"MUNDIPHARMA"
"Ecuador"	6	1375	"NATURAL VITALITY"	1375	"NATURAL VITALITY"
"Ecuador"	6	1121	"MERCK SHARP & DOHME"	1121	"MSD"
"Chile"	38	2610	"MINTLAB CO S.A."	2610	"MINTLAB"
"Ecuador"	6	1138	"PROVENCO CÍA. LTDA."	1138	"PROVENCO"
"Colombia"	4	296	"MINERALIN"	296	"MINERALIN"
"Ecuador"	6	1168	"PROPHAR S.A."	1168	"PROPHAR"
"México"	11	2657	"MICRO PHARMACEUTICALS"	2657	"MICROMEX"
"México"	11	116	"MERZ-PHARMA, S.A. DE C.V."	116	"MERZ"
"Centroamerica"	3	1317	"MERZ PHARMACEUTICALS GMBH SUBSIDIARIA MERZ PHARMA, S. A. DE C. V."	1317	"MERZ"
"México"	11	171	"SILANES, S.A. DE C.V., LABORATORIOS"	171	"SILANES"
"West Indies"	36	2670	"MERZ PHARMACEUTICALS GMBH"	2670	"MERZ"
"Colombia"	4	294	"MEREY"	294	"MEREY"
"Centroamerica"	3	1318	"MK MEDICAMENTOS/CORPORACION BONIMA S.A. DE C.V."	1318	"MK"
"México"	11	115	"MERCK, S.A. DE C.V."	115	"MERCK"
"Centroamerica"	3	1372	"MERCK, S. A."	1372	"MERCK"
"Perú"	14	518	"MERCK PERUANA S.A"	518	"MERCK"
"Chile"	38	2635	"TECNOFARMA S. A."	2635	"TECNOFARMA "
"México"	11	176	"STREGER, S.A."	176	"STREGER "
"Ecuador"	6	1120	"MERCK ECUADOR C. A."	1120	"MERCK"
"México"	11	113	"MENTHOLATUM DE MEXICO, S.A. DE C.V."	113	"MENTHOLATUM "
"Colombia"	4	332	"SANDOZ"	332	"SANDOZ"
"Colombia"	4	2814	"MENARINI COLOMBIA"	2814	"MENARINI"
"Centroamerica"	3	1314	"MENARINI CENTRO AMERICA Y EL CARIBE LABORATORIOS"	1314	"MENARINI"
"México"	11	1364	"A. MENARINI FARMACEUTICA INTERNAZIONALE, S.R.L."	1364	"MENARINI"
"Colombia"	4	291	"MEMPHIS"	291	"MEMPHIS"
"Colombia"	4	2547	"MEDLEY"	2547	"MEDLEY"
"Colombia"	4	359	"ZAMBON"	359	"ZAMBON"
"Centroamerica"	3	2527	"GRUPO UNIPHARM"	2527	"UNIPHARM"
"Centroamerica"	3	1329	"PRODUCTOS MEDIX, S.A. DE C.V."	1329	"MEDIX"
"Centroamerica"	3	1313	"MEDIPRODUCTS, LABORATORIOS"	1313	"MEDIPRODUCTS"
"México"	11	2505	"FARMACIAS MEDIMART"	2505	"MEDIMART"
"México"	11	111	"MEDIHEALTH DIVISIÓN DERMATOLOGÍA DE SIEGFRIED RHEIN, S. A. DE C. V."	111	"MEDIHEALTH"
"Colombia"	4	281	"LABORATORIOS RYAN DE COLOMBIA, S. EN C."	281	"RYAN"
"Colombia"	4	2455	"MEDIHEALTH"	2455	"MEDIHEALTH"
"Perú"	14	512	"MEDIFARMA S.A."	512	"MEDIFARMA"
"Ecuador"	6	2511	"MEDIFARMA"	2511	"MEDIFARMA"
"México"	11	2329	"ALFA WASSERMANN, S.A. DE C.V."	2329	"ALFA WASSERMANN"
"México"	11	165	"SCHERING MEXICANA, S.A. DE C.V."	165	"SCHERING-PLOUGH"
"México"	11	2334	"GRUPO MEDIFARMA, S.A. DE C.V."	2334	"MEDIFARMA"
"Ecuador"	6	1116	"MEDICAMENTA  ECUATORIANA"	1116	"MEDICAMENTA  ECUATORIANA"
"Colombia"	4	2470	"MEDICAL KIT LTDA."	2470	"MEDICAL KIT"
"Perú"	14	511	"MEAD JOHNSON NUTRITION"	511	"MEAD JOHNSON"
"México"	11	1017	"MEAD JOHNSON NUTRICIONALES DE MÉXICO, S. DE R.L. DE C.V."	1017	"MEAD JOHNSON"
"México"	11	2493	"MEAD JOHNSON NUTRICIONALES DE MÉXICO, S. DE R.L. DE C.V."	1017	"MEAD JOHNSON"
"Colombia"	4	288	"MEAD JOHNSON"	288	"MEAD JOHNSON"
"México"	11	92	"MAYOLY-SPINDLER DE MÉXICO, S.A. DE C.V."	92	"MAYOLY"
"México"	11	2516	"VITALIS PHARMA"	2516	"VITALIS"
"Ecuador"	6	2811	"LABORATORIO PASTEUR"	2811	"PASTEUR"
"México"	11	109	"MAYNE PHARMA"	109	"MAYNE PHARMA"
"México"	11	122	"NOVARTIS FARMACÉUTICA, S.A. DE C.V."	122	"NOVARTIS"
"México"	11	107	"MAVER, S.A. DE C.V., PRODUCTOS"	107	"MAVER"
"México"	11	106	"MANUELL, S.A., LABORATORIOS"	106	"MANUELL"
"Perú"	14	505	"LABORATORIOS UNIDOS S.A."	505	"LUSA"
"México"	11	169	"SERRAL, S.A. DE C.V. "	169	"SERRAL"
"Chile"	38	2629	"SANOFI-PASTEUR S.A."	2628	"SANOFI"
"Colombia"	4	2662	"LUNDBECK COLOMBIA"	2662	"LUNDBECK"
"Chile"	38	2603	"LUNDBECK CHILE LTDA."	2603	"LUNDBECK"
"México"	11	104	"LOEFFLER, S.A. DE C.V."	104	"LOEFFLER"
"Colombia"	4	279	"LABORATORIOS LOE, LTDA."	279	"LOE"
"México"	11	103	"LIOMONT, S.A. DE C.V., LABORATORIOS"	103	"LIOMONT"
"Ecuador"	6	2807	"LÍNEA CORPORATIVA FPC"	2807	"LÍNEA CORPORATIVA FPC"
"Colombia"	4	2816	"LIMINAL THERAPEUTICS S.A.S"	2816	"LIMINAL"
"Ecuador"	6	1125	"NESTLÉ"	1125	"NESTLÉ"
"México"	11	102	"LIFERPAL MD, S.A. DE C.V."	102	"LIFERPAL"
"Chile"	38	2636	"VALMA LTDA."	2636	"VALMA"
"Colombia"	4	1388	"SICMAFARMA S.A.S."	1388	"SICMAFARMA"
"Ecuador"	6	1114	"LIFE"	1114	"LIFE"
"Colombia"	4	287	"LICOL S.A.S."	287	"LICOL"
"México"	11	101	"LEO PHARMACEUTICAL S.DE R.L. DE C.V."	101	"LEOPHARMA"
"México"	11	100	"LEMERY, S.A. DE C.V."	100	"LEMERY"
"Colombia"	4	278	"LABORATORIOS LEGRAND, S.A."	278	"LEGRAND"
"Perú"	14	363	"AC FARMA S.A."	363	"AC FARMA"
"Colombia"	4	286	"LATINFARMA"	286	"LATINFARMA"
"Colombia"	4	2802	"LAPROFF"	2802	"LAPROFF"
"Centroamerica"	3	1307	"LAPROFAR, C. POR A."	1307	"LAPROFAR"
"Perú"	14	504	"LUKOLL S.A.C."	504	"LUKOLL "
"Perú"	14	499	"LANSIER"	493	"LANSIER"
"México"	11	99	"LANDSTEINER SCIENTIFIC, S.A. DE C.V."	99	"LANDSTEINER "
"México"	11	2659	"GRUPO LALA"	2659	"LALA"
"Centroamerica"	3	1341	"SILANES, S.A. DE C.V. LABORATORIOS"	1341	"SILANES"
"Colombia"	4	285	"LAKOR"	285	"LAKOR"
"México"	11	98	"LAKESIDE, S.A. DE C.V."	2719	"LAKESIDE"
"Ecuador"	6	1124	"NEO-FÁRMACO DEL ECUADOR"	1124	"NEOFARMACO"
"Colombia"	4	284	"LAFRANCOL S.A.S."	284	"LAFRANCOL"
"Centroamerica"	3	2804	"LABORATORIOS FÓRMULAS FARMACÉUTICAS S.A."	2804	"LAFOFA"
"Chile"	38	2642	"WYETH INC."	2641	"WYETH"
"Colombia"	4	282	"LABQUIFAR LTDA"	282	"LABQUIFAR"
"Centroamerica"	3	1349	"VIJOSA, S.A. DE C.V., LABORATORIOS "	1349	"VIJOSA"
"Centroamerica"	3	1370	"LABORATORIOS SUIZOS, S. A. DE C. V."	1370	"LABORATORIOS SUIZOS"
"Ecuador"	6	1090	"H. G., C. A. LABORATORIOS"	1090	"LABORATORIOS H.G."
"Ecuador"	6	1076	"ECU. LABORATORIOS"	1076	"LABORATORIOS ECU"
"Perú"	14	488	"LABORATORIOS AMERICANOS S.A - LABOT"	488	"LABORATORIOS AMERICANOS"
"Centroamerica"	3	2830	"LABORATORIOS ECAR S.A."	2830	"ECAR"
"Colombia"	4	273	"LABORATIOS NEO LTDA."	273	"LABORATIOS NEO"
"Centroamerica"	3	1386	"LABORATORIOS LA SANTE"	1386	"LA SANTÉ"
"México"	11	117	"OCULUS TECHNOLOGIES OF MEXICO, S.A. DE C.V."	117	"OCULUS"
"Colombia"	4	272	"LA SANTE"	272	"LA SANTÉ"
"Colombia"	4	337	"SCHERING-PLOUGH - DIVISIÓN CONSUMO"	316	"SCHERING-PLOUGH"
"Colombia"	4	271	"LA ROCHE - POSAY"	271	"LA ROCHE - POSAY"
"México"	11	2806	"KOKUSAI NATURISTA S.A. DE C.V."	2806	"KOKUSAI"
"Colombia"	4	270	"KEY FARMACEUTICA"	270	"KEY FARMACEUTICA"
"México"	11	144	"QUIMICA FRANCO MEXICANA NORDIN, S.A. DE C.V."	144	"QUÍMICA FRANCO MEXICANA NORDIN"
"México"	11	90	"KENDRICK, S.A., LABORATORIOS"	90	"KENDRICK"
"Chile"	38	2600	"KAMPAR S.A."	2600	"KAMPAR"
"México"	11	188	"VICHY, LABORATORIOS"	188	"VICHY"
"Centroamerica"	3	1302	"JUSTE INTERNACIONAL, S.A."	1302	"JUSTE"
"México"	11	47	"DELICIAS S.A. DE C.V., PRODUCTOS ALIMENTICIOS"	47	"PADSA"
"Ecuador"	6	1100	"JULPHARMA, S. A."	1100	"JULPHARMA"
"Chile"	38	2624	"ROCHE CHILE LTDA."	2624	"ROCHE "
"Colombia"	4	290	"MEDICK"	290	"MEDICK"
"Ecuador"	6	2348	"MEAD JOHNSON"	1115	"MEAD JOHNSON"
"Chile"	38	2598	"JOHNSON & JOHNSON PERSONAL CARE CHILE S.A."	2598	"JOHNSON & JOHNSON"
"México"	11	2502	"JOHNSON & JOHNSON CONSUMO"	2502	"JOHNSON & JOHNSON"
"Colombia"	4	268	"JGB"	268	"JGB"
"México"	11	84	"JANSSEN-CILAG, S.A. DE C.V."	84	"JANSSEN"
"Chile"	38	2597	"JANSSEN CILAG"	2597	"JANSSEN"
"Colombia"	4	267	"JANSSEN - CILAG, S.A."	267	"JANSSEN"
"Centroamerica"	3	1316	"MSD"	1316	"MSD"
"Centroamerica"	3	2790	"JANSSEN - CILAG, S.A."	2790	"JANSSEN"
"Ecuador"	6	1098	"JANSSEN  CILAG"	1098	"JANSSEN"
"Chile"	38	2596	"ITF - LABOMED FARMACEUTICA LIMITADA"	2596	"ITF LABOMED"
"Ecuador"	6	1096	"ITALCHEM"	1096	"ITALCHEM"
"México"	11	2648	"ISIS PHARMA"	2648	"ISIS PHARMA"
"Perú"	14	473	"INSTITUTO QUIMIOTERÁPICO S.A."	473	"IQFARMA"
"México"	11	75	"INDUSTRIAS QUÍMICO FARMACÉUTICAS AMERICANAS, S.A. DE C.V."	75	"IQFA"
"México"	11	153	"ROCHE, S.A. DE C.V. , PRODUCTOS"	153	"ROCHE "
"México"	11	2507	"IPSEN MÉXICO, S.A. DE C.V."	2507	"IPSEN"
"Perú"	14	477	"INTIPHARMA S.A.C."	477	"INTIPHARMA "
"Ecuador"	6	1095	"INTERPHARM DEL ECUADOR, S. A."	1095	"INTERPHARM "
"Perú"	14	2665	"TAKEDA S.R.L."	2665	"TAKEDA"
"México"	11	2646	"INTERLAB PHARMACÉUTICA"	2646	"INTERLAB"
"Colombia"	4	317	"PROANMED"	317	"PROANMED"
"México"	11	80	"INTENDIS MEXICANA, S.A. DE C.V."	80	"INTENDIS "
"México"	11	2517	"INTELLIGENCE PHARMACEUTICAL NETWORK"	2517	"INTELPHARMA"
"México"	11	77	"INDUSTRIAS SUANCA, S.A. DE C.V."	77	"SUANCA"
"Colombia"	4	266	"INMUNOSYN S.A."	266	"INMUNOSYN"
"Centroamerica"	3	1300	"INDUSTRIA FARMACÉUTICA DEL CARIBE S.A."	1300	"INFACA"
"Colombia"	4	335	"SCHERING - PLOUGH "	316	"SCHERING-PLOUGH"
"Perú"	14	545	"PHARBAL S.A."	545	"PHARBAL"
"Ecuador"	6	1093	"INFABI"	1093	"INFABI"
"Centroamerica"	3	1383	"MORE PHARMA CORPORATION"	1383	"MORE PHARMA"
"Ecuador"	6	1092	"INDUNIDAS, LABORATORIOS"	1092	"INDUNIDAS"
"Colombia"	4	265	"INCOBRA"	265	"INCOBRA"
"México"	11	2794	"IMMUNOTEC"	2794	"IMMUNOTEC"
"México"	11	81	"INVESTIGACIÓN FARMACÉUTICA, S.A. DE C.V."	81	"IFA CELTICS"
"México"	11	71	"HOSPIRA, S. DE R. L. DE C. V."	2702	"HOSPIRA"
"México"	11	70	"HORMONA, S.A. DE C.V., LABORATORIOS"	70	"HORMONA"
"Perú"	14	465	"HERSIL S.A."	465	"HERSIL "
"Colombia"	4	263	"HEIMDALL ,S.A."	263	"HEIMDALL"
"Colombia"	4	262	"HEEL COLOMBIA LTDA."	262	"HEEL "
"Colombia"	4	2812	"HB HUMAN BIOSCIENCE"	2812	"HB HUMAN"
"Colombia"	4	261	"GYNOPHARM, S.A."	261	"GYNOPHARM"
"Chile"	38	2591	"GYNOPHARM"	2591	"GYNOPHARM"
"Colombia"	4	2818	"GRUPO FARMACEUTICO CRONOMED S.A.S."	2818	"CRONOMED"
"Ecuador"	6	1089	"GUTIS  FARMACÉUTICA"	1089	"GUTIS  "
"Centroamerica"	3	1382	"GSK PHARMACEUTICALS CR S.A."	1382	"GSK"
"Perú"	14	454	"GLAXOSMITHKLINE PERÚ S.A."	454	"GSK"
"México"	11	64	"GLAXOSMITHKLINE MÉXICO, S.A. DE C.V."	64	"GSK"
"México"	11	177	"SUN PHARMA DE MÉXICO, S.A. DE C.V."	177	"SUN PHARMA "
"Chile"	38	2588	"GLAXOSMITHKLINE CHILE FARMACEUTICA LTDA."	2588	"GSK"
"Ecuador"	6	1085	"GLAXOSMITHKLINE "	1085	"GSK"
"México"	11	2325	"GRUPO VENTA INTERNACIONAL, S.A. DE C.V."	2325	"GVI"
"Colombia"	4	255	"GLAXOSMITHKLINE"	255	"GSK"
"Chile"	38	2605	"MEDIDERM"	2605	"MEDIDERM"
"Perú"	14	459	"GRÜNENTHAL PERUANA S. A."	459	"GRÜNENTHAL"
"Ecuador"	6	1086	"GRÜNENTHAL ECUATORIANA, C. LTDA."	1086	"GRÜNENTHAL"
"México"	11	67	"GRÜNENTHAL DE MÉXICO, S.A. DE C.V."	67	"GRÜNENTHAL"
"México"	11	160	"SANFER, S.A. DE C.V., LABORATORIOS"	160	"SANFER"
"Colombia"	4	257	"GRUNENTHAL COLOMBIANA"	257	"GRÜNENTHAL"
"Chile"	38	2590	"GRÜNENTHAL CHILENA LTDA."	2590	"GRÜNENTHAL"
"Perú"	14	1259	"PHARMEX S.A.C."	1259	"PHARMEX"
"Centroamerica"	3	1299	"GRÜNENTHAL CENTROÁMERICA Y CARIBE"	1299	"GRÜNENTHAL"
"Colombia"	4	2678	"GRUINFACOL S.A."	2678	"GRUINFACOL"
"Centroamerica"	3	1298	"GROSSMAN, S.A., LABORATORIOS"	1298	"GROSSMAN"
"México"	11	156	"ROWFARMA DE MÉXICO"	156	"ROWFARMA "
"México"	11	66	"GROSSMAN, S.A., LABORATORIOS"	66	"GROSSMAN"
"México"	11	89	"LABORATORIOS GRISI GRISI HNOS. S.A. DE C.V."	89	"GRISI"
"México"	11	88	"LABORATORIOS GRIN, S.A. DE C.V."	88	"GRIN"
"Centroamerica"	3	2803	"NOVO NORDISK PANAMÁ, S. A."	2803	"NOVO NORDISK"
"Chile"	38	2589	"GRIFOLS CHILE S.A.-"	2589	"GRIFOLS"
"Chile"	38	2609	"MERCK SHARP & DOHME I.A. CORP."	2609	"MSD"
"México"	11	1363	"GRACEWAY MÉXICO, S. DE R.L. DE C.V."	1363	"GRACEWAY"
"Ecuador"	6	2346	"LABORATORIOS GM"	2346	"GM"
"México"	11	2333	"GLENMARK PHARMACEUTICALS MÉXICO, S.A. DE C.V."	2333	"GLENMARK "
"Perú"	14	455	"GLENMARK PHARMACEUTICAL L.T.D."	455	"GLENMARK "
"Colombia"	4	2763	"GLOBAL INTERNATIONAL MEDICINE"	2763	"GIMED"
"Colombia"	4	280	"LABORATORIOS QUIPROPHARMA, LTDA."	280	"QUIPROPHARMA"
"Perú"	14	453	"GIANFARMA S.A."	453	"GIANFARMA"
"México"	11	152	"REPRESENTACIONES MEX-AMÉRICA, S.A. DE C.V."	150	"REMEXA"
"Colombia"	4	254	"GERCO"	254	"GERCO"
"México"	11	1012	"GENZYME MÉXICO, S. DE R.L. DE C.V."	1012	"GENZYME"
"Centroamerica"	3	2499	"GENZYME"	2499	"GENZYME"
"Centroamerica"	3	1334	"ROWA PHARMACEUTICALS LTD."	1334	"ROWA"
"México"	11	2653	"COSMÉTICOS DERMATOLOGICOS DE MÉXICO"	2653	"GENOVE"
"Centroamerica"	3	1296	"GENFAR,  S.A."	1296	"GENFAR"
"Ecuador"	6	1084	"GENFAR  S.A."	1084	"GENFAR"
"Colombia"	4	253	"GENFAR"	253	"GENFAR"
"Ecuador"	6	1106	"LABORATORIOS LAZAR ECUADOR S. A."	1106	"LAZAR"
"México"	11	62	"GENÉTIKA PHARMA"	62	"GENETIKA PHARMA"
"Colombia"	4	343	"STIEFEL"	343	"STIEFEL"
"Ecuador"	6	1083	"GENETIKA PHARMA"	1083	"GENETIKA PHARMA"
"Colombia"	4	295	"METLEN PHARMA, S.A."	295	"METLEN PHARMA"
"México"	11	63	"GENOMMA LABORATORIES DE MÉXICO, S.A. DE C.V."	63	"GENOMMA"
"Ecuador"	6	1082	"GENAMÉRICA S. A."	1082	"GENAMÉRICA "
"Ecuador"	6	1197	"GENÉRICOS NACIONALES GENA S.A."	1197	"GENA"
"Colombia"	4	2801	"GEDEON RICHTER COLOMBIA"	2801	"GEDEON RICHTER"
"México"	11	180	"SYNTEX, S.A. DE C.V."	180	"SYNTEX"
"Colombia"	4	252	"GARMISCH PHARMACEUTICAL S.A."	252	"GARMISCH"
"México"	11	2335	"IVAX PHARMACEUTICALS MÉXICO, S.A. DE C.V."	2335	"IVAX"
"Ecuador"	6	1081	"GALIAFARM S.A."	1081	"GALIAFARM "
"Ecuador"	6	1165	"GALENO-ECUADOR CÍA LTDA"	1165	"GALENO"
"Colombia"	4	2832	"PHARMAGYNE S.A.S"	2832	"PHARMAGYNE"
"Colombia"	4	277	"GALENO"	277	"GALENO"
"México"	11	60	"GALDERMA MÉXICO, S.A. DE C.V."	60	"GALDERMA"
"Centroamerica"	3	1373	"PFIZER, S. A."	1373	"PFIZER"
"Ecuador"	6	1105	"LABORATORIOS FROSHER DEL ECUADOR CIA. LTDA."	1105	"FROSHER"
"México"	11	59	"FRESENIUS KABI MÉXICO, S.A. DE C.V., LABORATORIOS"	59	"FRESENIUS"
"Colombia"	4	318	"PROBIOL"	318	"PROBIOL"
"Colombia"	4	297	"MK (TECNOQUÍMICAS)"	297	"TECNOQUÍMICAS"
"México"	11	58	"FERRING S.A DE C.V"	58	"FERRING"
"Chile"	38	2585	"FERRING CHILE"	2585	"FERRING"
"México"	11	154	"ROCHE, S.A. DE C.V., PRODUCTOS DIVISIÓN FARMACÉUTICA"	153	"ROCHE "
"México"	11	1018	"FERRER THERAPEUTICS, S.A DE C.V."	1018	"FERRER "
"Colombia"	4	311	"PAULY"	311	"PAULY"
"Centroamerica"	3	1293	"FERRER GRUPO"	1293	"FERRER "
"Colombia"	4	2815	"PHARMAPRIX COLOMBIA"	2815	"PHARMAPRIX"
"México"	11	57	"FEDELE, S.A. DE C.V."	57	"FEDELE"
"Perú"	14	445	"DROGUERÍA LABORATORIO FARVET S.A.C."	445	"FARVET"
"Colombia"	4	247	"FARPAG"	247	"FARPAG"
"Perú"	14	442	"FARMEDIC S.A.C."	442	"FARMEDIC "
"Colombia"	4	245	"FARMASER, S.A."	245	"FARMASER"
"México"	11	56	"FARMASA, S.A. DE C.V., LABORATORIOS"	56	"FARMASA"
"México"	11	2508	"FARMAPIEL"	2508	"FARMAPIEL"
"Centroamerica"	3	2498	"FARMANDINA"	2498	"FARMANDINA"
"Colombia"	4	244	"FARMALOGICA S.A."	244	"FARMALOGICA"
"Centroamerica"	3	2500	"MEDLEY"	2500	"MEDLEY"
"Ecuador"	6	1087	"GRUPO FARMA DEL ECUADOR, S. A."	1087	"GRUPOFARMA DEL ECUADOR"
"Perú"	14	461	"FARMAKONSUMA"	461	"FARMAKONSUMA"
"México"	11	55	"FARMAGÉ S.A.C."	55	"FARMAGÉ"
"Colombia"	4	1387	"HUMAX PHARMACEUTICAL S.A."	1387	"HUMAX"
"México"	11	54	"FÁRMACOS CONTINENTALES, S.A. DE C.V."	54	"FÁRMACOS CONTINENTALES"
"México"	11	69	"HEXAL, S.A. DE C.V., LABORATORIOS (SANDOZ, S.A. DE C.V.)"	69	"HEXAL"
"Colombia"	4	243	"FARMACOOP"	243	"FARMACOOP"
"México"	11	2496	"COMERCIALIZADORA FARMACÉUTICA DE CHIAPAS, S. A. DE C. V."	2496	"FARMACIAS DEL AHORRO"
"México"	11	2504	"FARMACIA GUADALAJARA"	2504	"FARMACIA GUADALAJARA"
"Chile"	38	2583	"FARMACEUTICO MASTER S. A."	2583	"FARMACEUTICO MASTER"
"México"	11	2755	"FARMACÉUTICA HISPANOAMERICANA"	2755	"FARMACÉUTICA HISPANOAMERICANA"
"Colombia"	4	258	"FARMA DE COLOMBIA S. A."	258	"FARMA DE COLOMBIA"
"Colombia"	4	269	"JOHNSON & JOHNSON DE COLOMBIA S.A."	269	"JOHNSON & JOHNSON"
"Ecuador"	6	2513	"F.J.P. FAJAPRO COMERCIO Y REPRESENTACIONES CÍA. LTDA"	2513	"FAJAPRO"
"Ecuador"	6	2787	"RENASE"	2787	"RENASE"
"Centroamerica"	3	1291	"FAES FARMA S.A."	1291	"FAES FARMA "
"Colombia"	4	2658	"GENZYME"	2658	"GENZYME"
"Chile"	38	2582	"EXPOFARMA LTDA."	2582	"EXPOFARMA"
"México"	11	2713	"LABORATORIOS EXPANSCIENCE MÉXICO, S.A. DE C.V."	2713	"EXPANSCIENCE"
"Ecuador"	6	1164	"EUROSTAGA S.A."	1164	"EUROSTAGA "
"Centroamerica"	3	1328	"PROCAPS, S.A."	1328	"PROCAPS"
"Chile"	38	2581	"EUROLAB LTDA."	2581	"EUROLAB"
"México"	11	52	"EURODRUG LABORATORIES"	52	"EUROLAB"
"Perú"	14	561	"EUROFARMA PERÚ S.A.C."	561	"EUROFARMA"
"México"	11	85	"LA ROCHE-POSAY LABORATOIRE PHARMACEUTIQUE"	2509	"LA ROCHE - POSAY"
"Colombia"	4	2780	"EUROFARMA COLOMBIA"	2780	"EUROFARMA"
"Perú"	14	593	"UNIMED DEL PERÚ S.A."	593	"UNIMED"
"Ecuador"	6	2809	"EUROFARMA"	2809	"EUROFARMA"
"Chile"	38	2637	"VOLTA S.A."	2637	"VOLTA"
"Colombia"	4	240	"EURODRUG LABORATORIES"	240	"EURODRUG"
"Colombia"	4	239	"ETYC"	239	"ETYC"
"Centroamerica"	3	2777	"ETHICAL"	2777	"ETHICAL"
"Chile"	38	2606	"MEDIPHARM LTDA."	2606	"MEDIPHARM"
"Colombia"	4	238	"ESSEX FARMACEUTICA"	238	"ESSEX"
"México"	11	2519	"ELITE MEDICAL"	2519	"ELITE MEDICAL"
"México"	11	140	"PRODUCTOS MEDIX, S.A. DE C.V."	139	"MEDIX"
"Centroamerica"	3	1289	"ELIPESA, C. POR A."	1289	"ELIPESA"
"Colombia"	4	300	"NESTLÉ"	300	"NESTLÉ"
"Centroamerica"	3	2779	"LABORATORIO QUÍMICO FARMACÉUTICO LANCASCO"	2779	"LANCASCO"
"Colombia"	4	234	"DERMACARE, S.A."	234	"ELIMERA-DERMACARE"
"México"	11	50	"ELI LILLY Y COMPAÑÍA DE MÉXICO, S.A. DE C.V."	50	"ELI LILLY"
"Chile"	38	2578	"ELI LILLY INTERAMERICA INC. y CIA LTDA."	2578	"ELI LILLY"
"México"	11	2773	"EISAI LABORATORIOS"	2773	"EISAI"
"Centroamerica"	3	1288	"EISAI C0., LTDA."	1288	"EISAI"
"México"	11	53	"FARMACÉUTICOS EDERKA, S.A. DE C.V."	53	"EDERKA"
"Ecuador"	6	1077	"ECUAQUÍMICA"	1077	"ECUAQUÍMICA"
"Colombia"	4	292	"MERCK S.A."	292	"MERCK"
"Colombia"	4	236	"ECAR"	236	"ECAR"
"México"	11	108	"MAVI FARMACÉUTICA, S.A. DE C.V."	108	"MAVI"
"Chile"	38	2577	"DRUGTECH"	2577	"DRUGTECH"
"Colombia"	4	235	"DRUGTECH"	235	"DRUGTECH"
"Perú"	14	1228	"DROGUERIAS UNIDAS DEL PERU"	1228	"DROGUERIAS UNIDAS "
"Perú"	14	2668	"UNION KOREA PHARM"	2666	"DROGUERÍA PERÚ SAC"
"México"	11	105	"LUNDBECK MÉXICO, S.A. DE C.V."	105	"LUNDBECK"
"Perú"	14	2772	"PBM NUTRITIONALS LLC (DROPESAC)"	2666	"DROGUERÍA PERÚ SAC"
"Perú"	14	2667	"KOREA UNITED PHARM"	2666	"DROGUERÍA PERÚ SAC"
"Perú"	14	422	"DROGUERÍA PERÚ S.A.C."	2666	"DROGUERÍA PERÚ SAC"
"Perú"	14	2666	"DAEWON PHARM CO LTDA"	2666	"DROGUERÍA PERÚ SAC"
"Colombia"	4	331	"ROEMMERS"	331	"ROEMMERS"
"Perú"	14	416	"DRINTEFA"	416	"DRINTEFA"
"Centroamerica"	3	2778	"CORPORACIÓN DONOVAN WERKE INTERNATIONAL"	2778	"DONOVAN WERKE"
"México"	11	95	"SERVIER MÉXICO, S.A. DE C.V., LABORATORIOS"	95	"SERVIER"
"Colombia"	4	2674	"PROCLIN PHARMA S. A."	2674	"PROCLIN PHARMA"
"Ecuador"	6	1088	"GRUPO HOSPIMEDIKKA INFAREC"	1088	"HOSPIMEDIKKA"
"México"	11	2324	"DIVINE SKIN LABORATORIES, S.A. DE C.V."	2324	"DIVINE SKIN"
"México"	11	1366	"LABORATORIOS DIBAR, S.A. DE C.V."	1366	"DIBAR"
"México"	11	49	"DIBA, S.A., LABORATORIOS"	49	"DIBA"
"Perú"	14	412	"DEUTSCHE PHARMA S.A.C."	412	"DEUTSCHE PHARMA "
"Colombia"	4	250	"FRESSENIUS MEDICAL CARE"	250	"FRESENIUS"
"Colombia"	4	2649	"DERMOETIKA SAS"	2649	"DERMOETIKA"
"Colombia"	4	276	"LABORATORIOS DELTA"	276	"DELTA"
"México"	11	83	"ITALMEX, S.A."	83	"ITALMEX"
"México"	11	46	"DEGORT’S CHEMICAL, S.A. DE C.V."	46	"DEGORT´S"
"Chile"	38	2621	"RAFFO S.A."	2621	"RAFFO"
"Colombia"	4	2414	"DATA PHARMACEUTICAL SERVICES S.A.S."	2414	"DATA PHARMACEUTICAL SERVICES"
"Colombia"	4	341	"SOPHIA"	341	"SOPHIA"
"México"	11	48	"DERMATOLÓGICOS DARIER, S.A. DE C.V., LABORATORIOS"	48	"DARIER"
"Ecuador"	6	1118	"MENARINI INTERNACIONAL"	1118	"MENARINI"
"Colombia"	4	2781	"FIAC FARMACEUTICA S.A."	2781	"FIAC"
"Colombia"	4	2524	"DANONE BABY NUTRICION"	2524	"DANONE BABY NUTRICION"
"Chile"	38	2571	"D&M PHARMA S.A."	2571	"D&M PHARMA"
"México"	11	45	"CRYOPHARMA, S.A. DE C.V., LABORATORIOS"	45	"CRYOPHARMA "
"Perú"	14	407	"LABORATORIOS CRESPAL - PERÚ"	1244	"CRESPAL"
"Colombia"	4	233	"COSQUIM"	233	"COSQUIM"
"México"	11	44	"CORNE, S.A. DE C.V., LABORATORIOS"	2686	"CORNE"
"Perú"	14	555	"CONTILAB"	555	"CONTILAB"
"México"	11	43	"CONSUPHARMA, S.A. DE C.V."	43	"CONSUPHARMA"
"Ecuador"	6	2752	"LIRA"	2752	"LIRA"
"México"	11	42	"CONCORDIA, S.A. DE C.V., LABORATORIOS"	42	"CONCORDIA"
"México"	11	41	"COMPAÑIA INTERNACIONAL DE COMERCIO, S.A. DE .C.V."	41	"COMPAÑIA INTERNACIONAL DE COMERCIO"
"Ecuador"	6	1071	"COMERCIOSA S. A."	1071	"COMERCIOSA"
"México"	11	128	"ORGANON MEXICANA, S.A. DE C.V."	128	"ORGANON"
"México"	11	78	"INFOVISION, S.A. DE C.V."	63	"GENOMMA"
"Colombia"	4	231	"COMERCIAL MEDICA, LTDA."	231	"COMERCIAL MÉDICA"
"Colombia"	4	325	"QUIFARMED, LTDA."	325	"QUIFARMED"
"Centroamerica"	3	1286	"COMBISA LABORATORIOS"	1286	"COMBISA "
"Chile"	38	2604	"MAVER LTDA."	2604	"MAVER"
"México"	11	38	"COLUMBIA, S.A. DE C.V. LABORATORIOS"	38	"COLUMBIA"
"México"	11	2522	"Comercial Distribuidora APA, S.A. de C.V."	2522	"CODIAPASA"
"Colombia"	4	230	"CLOSTER PHARMA"	230	"CLOSTER PHARMA"
"Ecuador"	6	1176	"CHILE"	1176	"LABORATORIOS CHILE"
"Colombia"	4	229	"CLARIS LIFESCIENCES COLOMBIA "	229	"CLARIS LIFESCIENCES "
"Ecuador"	6	1070	"CIFSA"	1070	"CIFSA"
"Ecuador"	6	1144	"RODDOME PHARMACEUTICAL, S. A."	1144	"RODDOME "
"México"	11	2521	"Church & Dwright, S. de R.L. de C.V."	2521	"CHURCH & DWIGHT  "
"Colombia"	4	353	"VITALIS S. A. C. I."	353	"VITALIS"
"México"	11	36	"CHINOIN, PRODUCTOS FARMACÉUTICOS, S.A. DE C.V."	36	"CHINOIN"
"West Indies"	36	1356	"MK PHARMACEUTICALS / HEAD QUARTERS"	1356	"MK"
"Centroamerica"	3	1284	"CHINOIN PRODUCTOS FARMACÉUTICOS S.A. DE C.V."	1284	"CHINOIN"
"Chile"	38	2569	"CHILE S.A."	2569	"CHILE"
"México"	11	189	"VICTORY ENTERPRISES, S.A. DE C.V."	189	"VICTORY ENTERPRISES"
"Chile"	38	2568	"CHEMOPHARMA S.A."	2568	"CHEMOPHARMA"
"Ecuador"	6	1069	"CHEFAR"	1069	"CHEFAR"
"Chile"	38	2628	"SANOFI - AVENTIS DE CHILE S.A."	2628	"SANOFI"
"Ecuador"	6	1182	"FRISONEX"	1182	"FRISONEX"
"Ecuador"	6	1067	"CHALVER LABORATORIOS"	1067	"CHALVER"
"Colombia"	4	228	"CHALVER"	228	"CHALVER"
"Colombia"	4	227	"CERO"	227	"CERO"
"Colombia"	4	320	"PROCAPS"	320	"PROCAPS"
"Colombia"	4	2546	"COLMED"	2546	"COLMED"
"México"	11	1367	"CELL PHARMA, S. DE R.L. DE C.V."	1367	"CELLPHARMA"
"México"	11	2651	"CONSORCIO DERMATOLÓGICO DE MÉXICO S.A. DE C.V."	2651	"CDM"
"Perú"	14	489	"LABORATORIOS D.A. CARRION S.A.C."	489	"CARRION"
"Centroamerica"	3	1305	"LABORATORIOS LIOMONT, S.A. DE C.V."	1305	"LIOMONT"
"Chile"	38	2586	"GALDERMA CHILE LABORATORIOS LTDA."	2586	"GALDERMA"
"México"	11	35	"CARNOT LABORATORIOS, PRODUCTOS CIENTÍFICOS, S.A. DE C.V."	35	"CARNOT"
"Chile"	38	2592	"INSTITUTO DE SALUD PUBLICA DE CHILE"	2592	"INSTITUTO DE SALUD PUBLICA DE CHILE"
"México"	11	82	"INVESTIGACIONES FILOSÓFICAS Y CIENTÍFICAS S.A. DE C.V. "	2833	"CANTABRIA"
"Perú"	14	581	"SIEGFRIED S.A."	581	"SIEGFRIED RHEIN"
"Centroamerica"	3	1381	"SANOFI"	1337	"SANOFI"
"México"	11	120	"NESTLÉ MÉXICO, S.A. DE C.V."	120	"NESTLÉ"
"Centroamerica"	3	1385	"LABORATORIOS CALOX, C.A"	1385	"CALOX"
"Centroamerica"	3	1324	"PAILL, S.A. DE C.V., LABORATORIOS"	1324	"PAILL"
"Colombia"	4	2784	"CALIER FARMACÉUTICA DE COLOMBIA S.A."	2784	"CALIER"
"México"	11	34	"BYOTEC S.A."	34	"BYOTEC"
"Perú"	14	2537	"NOVO NORDISK"	2537	"NOVO NORDISK"
"México"	11	33	"BUSTILLOS, S.A. DE C.V., LABORATORIOS"	33	"BUSTILLOS"
"Ecuador"	6	1103	"LABORATORIOS BUSSIÉ S.A."	1103	"BUSSIÉ "
"México"	11	1016	"POEN VISIÓN, S.A. DE C.V."	1016	"POEN"
"México"	11	65	"GLAXOSMITHKLINE MÉXICO, S.A. DE C.V. (CONSUMO)"	64	"GSK"
"Colombia"	4	241	"EUROETIKA, LTDA."	241	"EUROETIKA"
"Chile"	38	2575	"DISPOLAB FARMACEUTICA S.A."	2575	"DISPOLAB"
"Centroamerica"	3	1303	"LABORATORIOS BUSSIÉ S.A."	1303	"BUSSIÉ "
"Colombia"	4	223	"BUSSIE"	223	"BUSSIÉ "
"Colombia"	4	274	"LABORATORIO INTERNACIONAL DE COLOMBIA, S.A."	274	"LABINCO"
"México"	11	1361	"BUFFINGTON´S DE MÉXICO, S.A. DE C.V."	1361	"BUFFINGTON´S"
"México"	11	73	"IMPORTADORA Y MANUFACTURERA BRULUART, S.A."	73	"BRULUART"
"Colombia"	4	222	"BRISTOL-MYERS SQUIBB DE COLOMBIA, S.A."	222	"BRISTOL-MYERS SQUIBB"
"Colombia"	4	302	"NOVADERMA"	302	"NOVADERMA"
"Ecuador"	6	1097	"ITALPHARMA"	1097	"ITALPHARMA"
"Chile"	38	2566	"BRISTOL - MYERS SQUIBB DE CHILE"	2566	"BRISTOL-MYERS SQUIBB"
"Colombia"	4	2769	"QUIDECA – ROCHE"	2765	"QUIDECA"
"Ecuador"	6	1130	"NOVARTIS, ECUADOR, S. A."	1130	"NOVARTIS"
"Perú"	14	361	"ABEEFE BRISTOL-MYERS SQUIBB"	361	"BRISTOL-MYERS SQUIBB"
"México"	11	2509	"LA ROCHE-POSAY LABORATOIRE DERMATOLOGIQUE"	2509	"LA ROCHE - POSAY"
"Colombia"	4	1202	"BREMYMG"	1202	"BREMYMG"
"México"	11	30	"BOMUCA, S.A. DE C.V"	30	"BOMUCA"
"Colombia"	4	221	"BOEHRINGER INGELHEIM S.A."	221	"BOEHRINGER"
"México"	11	159	"SANDOZ, S.A. DE C.V."	159	"SANDOZ"
"México"	11	2332	"BOEHRINGER INGELHEIM PROMECO S.A. DE C.V."	2332	"BOEHRINGER"
"Ecuador"	6	2677	"GEDEON RICHTER ECUADOR S.A."	2677	"GEDEON RICHTER"
"México"	11	28	"BOEHRINGER INGELHEIM MÉXICO, S.A. DE C.V."	2332	"BOEHRINGER"
"México"	11	2326	"MEDA PHARMA S. DE R. L. DE C.V."	2326	"MEDA PHARMA"
"West Indies"	36	2795	"JANSSEN-CILAG"	2795	"JANSSEN"
"México"	11	40	"COMERCIALIZADORA FARMACEUTICA DE CHIAPAS, PRODUCTOS FARMACEUTICOS, S.A. DE C.V."	40	"COMERCIALIZADORA FARMACEUTICA DE CHIAPAS"
"Ecuador"	6	1163	"BOEHRINGER INGELHEIM DEL ECUADOR, CÍA. LTDA."	1163	"BOEHRINGER"
"Perú"	14	573	"SANOFI-AVENTIS DEL PERÚ S.A."	572	"SANOFI"
"Perú"	14	534	"ORDESA"	534	"ORDESA"
"Perú"	14	393	"BOEHRINGER INGELHEIM"	393	"BOEHRINGER"
"Ecuador"	6	1162	"BLENASTOR C.A."	1162	"BLENASTOR"
"Colombia"	4	1389	"BLAU FARMACÉUTICA COLOMBIA S.A.S"	1389	"BLAU"
"México"	11	139	"PRODUCTOS MEDIX, S.A. DE C.V."	139	"MEDIX"
"Colombia"	4	251	"GALDERMA DE COLOMBIA, S.A."	251	"GALDERMA"
"Colombia"	4	220	"BLASKOV"	220	"BLASKOV"
"México"	11	27	"BÍOX DE MÉXICO, S.A. DE C.V."	1015	"BIOX"
"México"	11	114	"MERCK SHARP & DOHME DE MÉXICO, S.A. DE C.V."	114	"MSD"
"Chile"	38	2564	"BIOTOSCANA FARMA S.A."	2564	"BIOTOSCANA"
"México"	11	2643	"LABORATORIO ZELLER SUIZA"	2643	"ZELLER SUIZA"
"Perú"	14	392	"BIOTOSCANA FARMA S.A."	392	"BIOTOSCANA"
"Colombia"	4	219	"BIOTOSCANA"	219	"BIOTOSCANA"
"Centroamerica"	3	1309	"MAGNACHEM INTERNATIONAL, S.A."	1309	"MAGNACHEM"
"Ecuador"	6	2347	"BIOTOSCANA"	2347	"BIOTOSCANA"
"Colombia"	4	2759	"BIOTECH PHARMA LTDA"	2759	"BIOTECH PHARMA"
"Colombia"	4	224	"BIOTEC S.A."	224	"BIOTEC"
"Chile"	38	2563	"BIOSANO S. A."	2563	"BIOSANO"
"Ecuador"	6	1136	"PHARMABRAND S.A."	1136	"PHARMABRAND "
"México"	11	118	"MORE PHARMA CORPORATION, S. DE R.L. DE C.V."	118	"MORE PHARMA"
"México"	11	86	"MÉDICO QUÍMICO BIOLÓGICO, S.A. DE C.V., LABORATORIO"	86	"BIOQUIMED"
"Colombia"	4	218	"BIOQUIFAR FARMACÉUTICA S.A."	218	"BIOQUIFAR "
"México"	11	2817	"CELGENE MÉXICO"	2817	"CELGENE"
"México"	11	26	"BIOPHARMEX, S.A. DE C.V"	26	"BIOPHARMEX"
"Centroamerica"	3	1295	"GALDERMA MÉXICO, S.A. DE C.V."	1295	"GALDERMA"
"Chile"	38	2562	"BIOPHARM"	2562	"BIOPHARM"
"Colombia"	4	2413	"LABORATORIOS BIOPAS S.A."	2413	"BIOPAS"
"México"	11	76	"INDUSTRIAS QUÍMICO FARMACEUTICAS AMERICANAS,S.A. DEC.V. "	75	"IQFA"
"Ecuador"	6	1064	"LABORATORIOS BIOPAS S.A."	1064	"BIOPAS"
"Chile"	38	2580	"ETEX FARMACEUTICA LTDA."	2580	"ETEX"
"México"	11	25	"BIOMEP, S.A. DE C.V."	25	"BIOMEP"
"México"	11	2514	"HIGIA LABORATORIOS"	2514	"HIGIA"
"Ecuador"	6	1061	"BIOINDUSTRIA"	1061	"BIOINDUSTRIA"
"México"	11	2796	"BIOGENTEC"	2796	"BIOGENTEC"
"México"	11	24	"BIOFARMA NATURAL CMD, S.A. DE C.V."	24	"BIOFARMA"
"Chile"	38	2618	"PHARMACROSS BIOCROSS S.A."	2618	"BIOCROSS"
"Perú"	14	498	"LAMOSAN"	498	"LAMOSAN"
"México"	11	2515	"LABORATORIOS JAYOR MÉXICO"	2515	"JAYOR"
"Chile"	38	2565	"BOEHRINGER INGELHEIM LTDA."	2565	"BOEHRINGER"
"México"	11	2783	"BIOCODEX"	2783	"BIOCODEX"
"México"	11	79	"INSTITUTO BIOCLON, S.A. DE C.V."	79	"BIOCLON"
"Colombia"	4	215	"BIOCHEM FARMACÉUTICA DE COLOMBIA, LTDA"	215	"BIOCHEM "
"México"	11	2833	"CANTABRIA LABS MÉXICO"	2833	"CANTABRIA"
"Colombia"	4	214	"BINZ"	214	"BINZ"
"Ecuador"	6	1145	"ROEMMERS, S. A."	1145	"ROEMMERS"
"Colombia"	4	2754	"LABORATORIOS GARDEN HOUSE COLOMBIA"	2754	"GARDEN HOUSE"
"Centroamerica"	3	2760	"BIAL AMERICA LATINA S. A."	2760	"BIAL"
"México"	11	23	"BEST, S.A., LABORATORIOS"	23	"BEST"
"Colombia"	4	212	"BEST"	212	"BEST"
"Perú"	14	443	"FARMINDUSTRIA S.A."	443	"FARMINDUSTRIA "
"México"	11	32	"BRULUAGSA, S.A. DE C.V."	32	"BRULUAGSA"
"Perú"	14	383	"BEIERSDORF S.A.C."	383	"BDF"
"México"	11	132	"PHARMACOS EXAKTA, S.A. DE C.V."	132	"EXAKTA"
"Ecuador"	6	1058	"BEIERSDORF  S. A."	1057	"BDF"
"Ecuador"	6	1057	"BEIERSDORF"	1057	"BDF"
"Colombia"	4	293	"MERCK SHARP & DOHME"	293	"MSD"
"Centroamerica"	3	2805	"BDF"	2805	"BDF"
"México"	11	2322	"BDF"	2322	"BDF"
"Chile"	38	2614	"PENTAFARMA S.A."	2614	"PENTAFARMA"
"Colombia"	4	211	"BDF"	211	"BDF"
"Colombia"	4	1201	"BCN MEDICAL"	1201	"BCN MEDICAL"
"México"	11	170	"SIEGFRIED RHEIN, S.A. DE C.V."	170	"SIEGFRIED RHEIN"
"Colombia"	4	309	"OPHTHA"	309	"OPHTHA"
"Centroamerica"	3	2764	"LABORATORIOS BONIN, S.A."	2764	"BONIN"
"México"	11	21	"BAYER SCHERING PHARMA (DIVISIÓN CONSUMER CARE)"	22	"BAYER"
"Perú"	14	409	"DELFARMA"	409	"DELFARMA"
"Perú"	14	381	"BAYER S.A."	381	"BAYER"
"Chile"	38	2560	"BAYER S. A."	2560	"BAYER"
"Centroamerica"	3	1281	"BAYER HEALTHCARE PHARMACEUTICALS"	1281	"BAYER"
"Perú"	14	2536	"TEVA"	2536	"TEVA"
"México"	11	2331	"BAYER DE MÉXICO, S.A. DE C.V."	22	"BAYER"
"México"	11	123	"NOVO NORDISK MÉXICO"	123	"NOVO NORDISK"
"México"	11	22	"BAYER DE MEXICO"	22	"BAYER"
"Colombia"	4	210	"BAYER"	210	"BAYER"
"West Indies"	36	2328	"BAYER"	2328	"BAYER"
"Ecuador"	6	1056	"BAYER"	1056	"BAYER"
"Chile"	38	2607	"MERCK S.A."	2607	"MERCK"
"Chile"	38	2559	"BAXTER CHILE"	2559	"BAXTER"
"México"	11	179	"SUPERLIFE, S.A. DE C.V."	179	"SUPERLIFE"
"Colombia"	4	209	"BAXTER"	209	"BAXTER"
"México"	11	91	"KENER, S.A. DE C.V., LABORATORIOS"	91	"KENER"
"Colombia"	4	208	"BAWISS - COMPAÑIA BAWISS LTDA."	208	"BAWISS"
"México"	11	20	"BAUSCH & LOMB MÉXICO, S.A. DE C.V."	20	"BAUSCH & LOMB"
"México"	11	31	"BRISTOL-MYERS SQUIBB DE MÉXICO, S. DE R.L. DE C.V."	31	"BRISTOL-MYERS SQUIBB"
"Ecuador"	6	1054	"BASSA"	1054	"BASSA"
"Ecuador"	6	1155	"TULIPANESA S. A."	1155	"TULIPANESA "
"Perú"	14	544	"PFIZER S.A."	544	"PFIZER"
"Ecuador"	6	1053	"BASELPHARMA"	1053	"BASELPHARMA"
"Ecuador"	6	1052	"BALIARDA S.A."	1052	"BALIARDA "
"Colombia"	4	242	"TAKEDA S.A.S."	242	"TAKEDA"
"Ecuador"	6	1102	"LABORATORIOS BAGÓ DEL ECUADOR, S. A."	1102	"BAGÓ"
"Centroamerica"	3	1280	"BAGÓ S.A. LABORATORIOS"	1280	"BAGÓ"
"Colombia"	4	2673	"USANA HEALTH SCIENCES COLOMBIA, SAS"	2673	"USANA"
"Perú"	14	380	"BAGÓ DEL PERÚ"	380	"BAGÓ"
"Chile"	38	2608	"MERCK SERONO"	2607	"MERCK"
"Chile"	38	2558	"BAGÓ DE CHILE S.A."	2558	"BAGÓ"
"Ecuador"	6	1140	"QUÍMICA ARISTON ECUADOR, C. LTDA"	1140	"QUÍMICA ARISTON"
"México"	11	126	"NYCOMED, S.A. DE C.V."	126	"NYCOMED"
"Colombia"	4	207	"BAGO"	207	"BAGÓ"
"México"	11	1362	"DERMACEUTICAL MÉXICO, S.A. DE C.V."	1362	"DERMACEUTICAL"
"Centroamerica"	3	1283	"CHEMINTER, S.A. LABORATORIOS"	1283	"CHEMINTER"
"Colombia"	4	213	"BIFAN, BIOQUIMICA INFANTIL, S.A."	213	"B. BRAUN"
"México"	11	2793	"BBRAUN"	2793	"B. BRAUN"
"Perú"	14	391	"BIOS PERU"	391	"BIOS PERU"
"Perú"	14	379	"B. BRAUN PERUANA S.A."	379	"B. BRAUN"
"Centroamerica"	3	1310	"COMPAÑÍA FARMACÉUTICA MC"	1310	"MC"
"Chile"	38	2557	"B. BRAUN MEDICAL S.A."	2557	"B. BRAUN"
"Colombia"	4	2831	"SEVEN PHARMA"	2831	"SEVEN PHARMA"
"Ecuador"	6	1173	"B. BRAUN  MEDICAL S. A."	1173	"B. BRAUN"
"México"	11	2415	"TAKEDA MÉXICO S.A DE C.V"	2415	"TAKEDA"
"Colombia"	4	206	"A-Z PHARMA, S.A."	206	"A-Z PHARMA"
"Chile"	38	2556	"AXON - PHARMA FARMACEUTICA LTDA."	2556	"AXON"
"Ecuador"	6	1111	"LAMOSAN CÍA., LTDA."	1111	"LAMOSAN"
"Colombia"	4	2758	"AVALON PHARMACEUTICAL"	2758	"AVALON PHARMACEUTICAL"
"México"	11	16	"ATLANTIS, S.A. DE C.V."	16	"ATLANTIS"
"Perú"	14	558	"QUILAB (QUIMICA SUIZA S.A.)"	558	"QUILAB"
"Chile"	38	2599	"K2 HEALTH & WELLNESS"	2599	"K2 HEALTH & WELLNESS"
"México"	11	138	"PRODUCTOS FARMACÉUTICOS COLLINS, S.A. DE C.V."	138	"COLLINS"
"México"	11	15	"ASTRAZENECA, S.A. DE C.V."	15	"ASTRAZENECA"
"Colombia"	4	205	"ASTRAZENECA COLOMBIA S.A."	205	"ASTRAZENECA"
"Chile"	38	2555	"ASTRAZENECA CHILE S.A."	2555	"ASTRAZENECA"
"Perú"	14	375	"ASTRAL PHARMACEUTICALS S.A.C."	375	"ASTRAL PHARMACEUTICALS"
"México"	11	191	"WINTHROP PHARMACEUTICALS DE MÉXICO, S.A. DE C.V."	191	"WINTHROP "
"México"	11	14	"ASPID, S.A. DE C.V."	14	"ASPID"
"Chile"	38	2594	"INTERPHARMA S.A."	2594	"INTERPHARMA"
"México"	11	2672	"ASPEN LABS"	2672	"ASPEN"
"Ecuador"	6	2786	"ASPEN"	2786	"ASPEN"
"Perú"	14	1424	"NOVAX E.I.R.L."	1424	"NOVAX"
"Centroamerica"	3	1278	"ASOFARMA, S.A. "	1278	"ASOFARMA"
"México"	11	13	"ASOFARMA DE MÉXICO, S.A. DE C.V."	13	"ASOFARMA"
"México"	11	12	"ARMSTRONG LABORATORIOS DE MÉXICO, S.A. DE C.V."	12	"ARMSTRONG"
"Colombia"	4	204	"ARMOFAR"	204	"ARMOFAR"
"México"	11	2503	"ARLEX DE MÉXICO, S.A. DE C.V."	2503	"ARLEX"
"Perú"	14	2791	"APRIPHARMA (DROPESAC)"	2791	"APRIPHARMA"
"México"	11	2655	"APOTEX"	2655	"APOTEX"
"México"	11	161	"SANOFI PASTEUR, S.A. DE C.V."	161	"SANOFI"
"Colombia"	4	203	"APOTECARIUM LTDA."	203	"APOTECARIUM "
"Colombia"	4	289	"MEDICALEX"	289	"MEDICALEX"
"Ecuador"	6	1060	"BIOGENET"	1060	"BIOGENET"
"México"	11	2	"A.F. LABORATORIOS APLICACIONES FARMACÉUTICAS, S.A. DE C.V."	2	"APLICACIONES FARMACÉUTICAS"
"México"	11	2799	"GEDEON RICHTER"	2799	"GEDEON RICHTER"
"Colombia"	4	202	"ANGLOPHARMA, S.A."	202	"ANGLOPHARMA"
"Colombia"	4	307	"OFTALMOQUÍMICA, S.A."	307	"OFTALMOQUÍMICA"
"Ecuador"	6	1107	"LABORATORIOS MK"	1107	"MK"
"Colombia"	4	256	"GOTLAND FARMACEUTICAL"	256	"GOTLAND PHARMA"
"Colombia"	4	2753	"ANESPA FARMACEUTICA EU"	2753	"ANESPA FARMACEUTICA EU"
"Colombia"	4	355	"WESTWOOD SQUIBB"	355	"WESTWOOD SQUIBB"
"México"	11	182	"TEVA PHARMACEUTICALS MÉXICO"	182	"TEVA"
"México"	11	74	"ANDRÓMACO, INDUSTRIA FARMACÉUTICA S.A. DE C.V."	74	"ANDRÓMACO"
"Colombia"	4	283	"LACICO"	283	"LACICO"
"Chile"	38	2554	"ANDROMACO S.A."	2554	"ANDRÓMACO"
"Chile"	38	2633	"SMB FARMA S. A."	2633	"SMB"
"México"	11	11	"ANCHOR FARMA, S.A. DE C.V."	11	"ANCHOR FARMA"
"México"	11	10	"ANTIBIÓTICOS DE MÉXICO, S.A. DE C.V."	10	"AMSA"
"Chile"	38	2602	"LAFI"	2602	"LAFI"
"México"	11	2506	"AMGEN MÉXICO, S.A. DE C.V."	2506	"AMGEN"
"Colombia"	4	2782	"AMGEN BIOTECNOLOGICA SAS"	2782	"AMGEN"
"Chile"	38	2619	"PHARMAVITA S.A."	2619	"PHARMAVITA"
"México"	11	9	"ALVARTIS PHARMA, S.A. DE C.V."	9	"ALVARTIS "
"Colombia"	4	237	"ELI LILLY"	237	"ELI LILLY"
"México"	11	8	"ALTANA PHARMA S.A. DE C.V."	8	"ALTANA "
"México"	11	7	"ALPHARMA, S.A. DE C.V., LABORATORIOS"	7	"ALPHARMA"
"México"	11	6	"ALMIRALL DE MÉXICO, S.A. DE C.V."	6	"ALMIRALL-PRODESFARMA"
"México"	11	2789	"UP PHARMA"	2789	"UP PHARMA"
"Centroamerica"	3	1282	"BOEHRINGER INGELHEIM, S.A. DE C.V."	1282	"BOEHRINGER"
"Perú"	14	370	"ALLERLAB S.A.C."	370	"ALLERLAB "
"México"	11	5	"ALLERGAN, S.A. DE C.V."	5	"ALLERGAN"
"Colombia"	4	226	"CARIBE"	226	"CARIBE"
"Chile"	38	2552	"ALLERGAN LABORATORIOS LTDA."	2552	"ALLERGAN"
"Colombia"	4	199	"ALLERGAN DE COLOMBIA, S.A."	199	"ALLERGAN"
"Perú"	14	369	"ALLERGAN"	369	"ALLERGAN"
"México"	11	2518	"ALLEN LABORATORIOS, S.A. DE C.V."	2518	"ALLEN"
"México"	11	2329	"LABORATORIOS ALFASIGMA MÉXICO, S.A. DE C.V."	2329	"ALFA WASSERMANN"
"Centroamerica"	3	1294	"ALFA FARMACÉUTICA, S.A."	1294	"ALFA FARMACÉUTICA"
"Ecuador"	6	2644	"ALEXXIAPHARMA S.A."	2644	"ALEXXIAPHARMA"
"Colombia"	4	198	"ALDOQUIN"	198	"ALDOQUIN"
"Colombia"	4	303	"NOVAMED, S.A."	303	"NOVAMED"
"Colombia"	4	275	"LABORATORIOS ALCON DE COLOMBIA S.A."	275	"ALCON "
"Perú"	14	367	"ALCON PHARMACEUTICAL DEL PERÚ S.A."	367	"ALCON "
"México"	11	4	"ALCON LABORATORIOS, S.A. DE C.V."	4	"ALCON "
"Ecuador"	6	1167	"LAFRANCOL S.A."	1167	"LAFRANCOL"
"Chile"	38	2551	"ALCON LABORATORIOS CHILE LTDA."	2551	"ALCON"
"Perú"	14	1403	"ALBIS"	1403	"ALBIS"
"Chile"	38	2576	"DROGUERIA FARMOQUIMICA DEL PACIFICO"	2576	"FARMOQUIMICA DEL PACIFICO"
"Perú"	14	366	"AKORN INC."	366	"AKORN "
"Colombia"	4	201	"AMERICA"	201	"AMERICA"
"Perú"	14	365	"AJANTA PHARMA LIMITED"	365	"AJANTA PHARMA"
"México"	11	143	"PSICOFARMA, S.A. DE C.V."	143	"PSICOFARMA"
"México"	11	1365	"ESTERIPHARMA MÉXICO, S.A. DE C.V."	1365	"ESTERIPHARMA"
"Colombia"	4	197	"ADVANCE HEALTH"	197	"ADVANCE HEALTH"
"México"	11	1019	"ADVAITA PHARMA, S.A. DE C.V."	1019	"ADVAITA"
"México"	11	37	"CHURCH & DWIGHT, S. DE R.L. DE C.V."	2521	"CHURCH & DWIGHT  "
"Perú"	14	364	"ACUARIES PRODUCTS S.R.L."	364	"ACUARIES "
"México"	11	2675	"MOKSHA 8"	2675	"MOKSHA 8"
"México"	11	2800	"DKT México"	2800	"DKT"
"México"	11	2501	"ACTELION"	2501	"ACTELION"
"México"	11	2774	"AVIVIA PHARMA"	2774	"AVIVIA PHARMA"
"Centroamerica"	3	1274	"ACROMAX DOMINICANA, S.A."	1274	"ACROMAX"
"Centroamerica"	3	1277	"ESTABLECIMIENTO ANCALMO S.A. DE C.V. HESSEL"	1277	"ANCALMO"
"Ecuador"	6	1048	"ACROMAX"	1048	"ACROMAX"
"Centroamerica"	3	1315	"ACINO PHARMA AG"	1315	"ACINO"
"Colombia"	4	1377	"LABORATORIOS SIEGFRIED"	1377	"SIEGFRIED"
"West Indies"	36	1357	"ACINO PHARMA AG"	1357	"ACINO"
"México"	11	167	"SELDER, S.A. DE C.V."	167	"SELDER"
"Perú"	14	371	"ALTANA PHARMA (QUÍMICA SUIZA S.A.)"	371	"ALTANA "
"Ecuador"	6	1119	"ACINO"	1119	"ACINO"
"México"	11	2337	"ACCORD FARMA, S.A. DE C.V."	2337	"ACCORD"
"Perú"	14	2792	"PHARMARIS PERÚ S.A.C."	2792	"PHARMARIS"
"Colombia"	4	1384	"ABL PHARMA COLOMBIA S.A."	1384	"ABL PHARMA "
"Colombia"	4	2652	"ABBVIE"	2652	"ABBVIE"
"México"	11	2676	"ABBVIE"	2676	"ABBVIE"
"Perú"	14	360	"ABBOTT LABORATORIOS S.A."	360	"ABBOTT"
"Ecuador"	6	1047	"ABBOTT LABORATORIOS DEL ECUADOR CIA.  LTDA."	1047	"ABBOTT"
"México"	11	2654	"ISDIN MEXICO SA DE CV"	2654	"ISDIN"
"México"	11	3	"ABBOTT LABORATORIES DE MÉXICO, S.A. DE C.V."	3	"ABBOTT"
"Colombia"	4	196	"ABBOTT LABORATORIES DE COLOMBIA, S.A."	196	"ABBOTT"
"México"	11	121	"NOVAG INFANCIA, S.A. DE C.V."	121	"NOVAG"
"Chile"	38	2550	"ABBOTT LABORATORIES DE CHILE LTDA."	2550	"ABBOTT"
"Centroamerica"	3	1273	"ABBOTT"	1273	"ABBOTT"
"México"	11	29	"BOEHRINGER INGELHEIM MÉXICO, S.A. DE C.V. PRODUCTOS DE AUTOMEDICACIÓN"	2332	"BOEHRINGER"
"México"	11	1	"3M MÉXICO, S.A. DE C.V."	1	"3 M"
