TrackingYear	CountryNameLab	CountryLabId	DivisionId	Division	DivisionIdNorm	DivisionNameNorm
2017	Centroamerica	3	1273	ABBOTT	1273	ABBOTT
2017	Centroamerica	3	1274	ACROMAX DOMINICANA, S.A.	1274	ACROMAX
2017	Centroamerica	3	1277	ESTABLECIMIENTO ANCALMO S.A. DE C.V. HESSEL	1277	ANCALMO
2017	Centroamerica	3	1278	ASOFARMA, S.A. 	1278	ASOFARMA
2017	Centroamerica	3	1280	BAGÓ S.A. LABORATORIOS	1280	BAGÓ
2017	Centroamerica	3	1281	BAYER HEALTHCARE PHARMACEUTICALS	1281	BAYER
2017	Centroamerica	3	1282	BOEHRINGER INGELHEIM, S.A. DE C.V.	1282	BOEHRINGER
2017	Centroamerica	3	1283	CHEMINTER, S.A. LABORATORIOS	1283	CHEMINTER
2017	Centroamerica	3	1284	CHINOIN PRODUCTOS FARMACÉUTICOS S.A. DE C.V.	1284	CHINOIN
2017	Centroamerica	3	1286	COMBISA LABORATORIOS	1286	COMBISA 
2017	Centroamerica	3	1288	EISAI C0., LTDA.	1288	EISAI
2017	Centroamerica	3	1289	ELIPESA, C. POR A.	1289	ELIPESA
2017	Centroamerica	3	1291	FAES FARMA S.A.	1291	FAES FARMA 
2017	Centroamerica	3	1293	FERRER GRUPO	1293	FERRER 
2017	Centroamerica	3	1294	ALFA FARMACÉUTICA, S.A.	1294	ALFA FARMACÉUTICA
2017	Centroamerica	3	1295	GALDERMA MÉXICO, S.A. DE C.V.	1295	GALDERMA
2017	Centroamerica	3	1296	GENFAR,  S.A.	1296	GENFAR
2017	Centroamerica	3	1298	GROSSMAN, S.A., LABORATORIOS	1298	GROSSMAN
2017	Centroamerica	3	1299	GRÜNENTHAL CENTROÁMERICA Y CARIBE	1299	GRÜNENTHAL
2017	Centroamerica	3	1300	INDUSTRIA FARMACÉUTICA DEL CARIBE S.A.	1300	INFACA
2017	Centroamerica	3	1302	JUSTE INTERNACIONAL, S.A.	1302	JUSTE
2017	Centroamerica	3	1303	LABORATORIOS BUSSIÉ S.A.	1303	BUSSIÉ 
2017	Centroamerica	3	1305	LABORATORIOS LIOMONT, S.A. DE C.V.	1305	LIOMONT
2017	Centroamerica	3	1307	LAPROFAR, C. POR A.	1307	LAPROFAR
2017	Centroamerica	3	1309	MAGNACHEM INTERNATIONAL, S.A.	1309	MAGNACHEM
2017	Centroamerica	3	1310	COMPAÑÍA FARMACÉUTICA MC	1310	MC
2017	Centroamerica	3	1313	MEDIPRODUCTS, LABORATORIOS	1313	MEDIPRODUCTS
2017	Centroamerica	3	1314	MENARINI CENTRO AMERICA Y EL CARIBE LABORATORIOS	1314	MENARINI
2017	Centroamerica	3	1315	ACINO PHARMA AG	1315	ACINO
2017	Centroamerica	3	1316	MSD	1316	MSD
2017	Centroamerica	3	1317	MERZ PHARMACEUTICALS GMBH SUBSIDIARIA MERZ PHARMA, S. A. DE C. V.	1317	MERZ
2017	Centroamerica	3	1318	MK MEDICAMENTOS/CORPORACION BONIMA S.A. DE C.V.	1318	MK
2017	Centroamerica	3	1320	NEWPORT PHARMACEUTICALS INTERNATIONAL INC.	1320	NEWPORT
2017	Centroamerica	3	1321	NORMON, S.A., LABORATORIOS	1321	NORMON
2017	Centroamerica	3	1323	TAKEDA MÉXICO S. A. DE C. V.	1323	TAKEDA
2017	Centroamerica	3	1324	PAILL, S.A. DE C.V., LABORATORIOS	1324	PAILL
2017	Centroamerica	3	1327	PROBIOMED, S.A. DE C.V.	1327	PROBIOMED
2017	Centroamerica	3	1328	PROCAPS, S.A.	1328	PROCAPS
2017	Centroamerica	3	1329	PRODUCTOS MEDIX, S.A. DE C.V.	1329	MEDIX
2017	Centroamerica	3	1331	RARPE, S.A., LABORATORIOS	1331	RARPE
2017	Centroamerica	3	1333	ROTTA PHARMACEUTICALS	1333	ROTTA
2017	Centroamerica	3	1334	ROWA PHARMACEUTICALS LTD.	1334	ROWA
2017	Centroamerica	3	1340	SENOSIAIN, S.A. DE C.V. LABORATORIOS	1340	SENOSIAIN
2017	Centroamerica	3	1341	SILANES, S.A. DE C.V. LABORATORIOS	1341	SILANES
2017	Centroamerica	3	1344	SUIPHAR DOMINICANA S.R.L.	1344	SUIPHAR 
2017	Centroamerica	3	1347	VALEANT FARMACÉUTICA, S.A. DE C.V.	1347	VALEANT
2017	Centroamerica	3	1348	VIFOR (INTERNATIONAL) INC.	1348	VIFOR
2017	Centroamerica	3	1349	VIJOSA, S.A. DE C.V., LABORATORIOS 	1349	VIJOSA
2017	Centroamerica	3	1352	LABORATORIOS PIERSAN	1352	PIERSAN
2017	Centroamerica	3	1370	LABORATORIOS SUIZOS, S. A. DE C. V.	1370	LABORATORIOS SUIZOS
2017	Centroamerica	3	1372	MERCK, S. A.	1372	MERCK
2017	Centroamerica	3	1373	PFIZER, S. A.	1373	PFIZER
2017	Centroamerica	3	1380	LABORATORIOS RAMOS, S.A.	1380	RAMOS
2017	Centroamerica	3	1381	SANOFI	1337	SANOFI
2017	Centroamerica	3	1382	GSK PHARMACEUTICALS CR S.A.	1382	GSK
2017	Centroamerica	3	1383	MORE PHARMA CORPORATION	1383	MORE PHARMA
2017	Centroamerica	3	1385	LABORATORIOS CALOX, C.A	1385	CALOX
2017	Centroamerica	3	1386	LABORATORIOS LA SANTE	1386	LA SANTÉ
2017	Centroamerica	3	1402	VITALIS	1402	VITALIS
2017	Centroamerica	3	2492	TECNOQUIMICAS	2492	TECNOQUÍMICAS 
2017	Centroamerica	3	2498	FARMANDINA	2498	FARMANDINA
2017	Centroamerica	3	2500	MEDLEY	2500	MEDLEY
2017	Centroamerica	3	2527	GRUPO UNIPHARM	2527	UNIPHARM
2017	Centroamerica	3	2660	ROEMMERS CENTROAMERICA	2660	ROEMMERS
2017	Centroamerica	3	2671	LABORATORIOS ROWE, S.R.L.	2671	ROWE
2017	Centroamerica	3	2756	PERATRI, S.R.L.	2756	PERATRI
2017	Centroamerica	3	2760	BIAL AMERICA LATINA S. A.	2760	BIAL
2017	Centroamerica	3	2764	LABORATORIOS BONIN, S.A.	2764	BONIN
2017	Centroamerica	3	2777	ETHICAL	2777	ETHICAL
2017	Centroamerica	3	2778	CORPORACIÓN DONOVAN WERKE INTERNATIONAL	2778	DONOVAN WERKE
2017	Centroamerica	3	2779	LABORATORIO QUÍMICO FARMACÉUTICO LANCASCO	2779	LANCASCO
2017	Centroamerica	3	2790	JANSSEN - CILAG, S.A.	2790	JANSSEN
2017	Centroamerica	3	2803	NOVO NORDISK PANAMÁ, S. A.	2803	NOVO NORDISK
2017	Centroamerica	3	2804	LABORATORIOS FÓRMULAS FARMACÉUTICAS S.A.	2804	LAFOFA
2017	Centroamerica	3	2805	BDF	2805	BDF
2017	Colombia	4	196	ABBOTT LABORATORIES DE COLOMBIA, S.A.	196	ABBOTT
2017	Colombia	4	199	ALLERGAN DE COLOMBIA, S.A.	199	ALLERGAN
2017	Colombia	4	202	ANGLOPHARMA, S.A.	202	ANGLOPHARMA
2017	Colombia	4	204	ARMOFAR	204	ARMOFAR
2017	Colombia	4	205	ASTRAZENECA COLOMBIA S.A.	205	ASTRAZENECA
2017	Colombia	4	207	BAGO	207	BAGÓ
2017	Colombia	4	208	BAWISS - COMPAÑIA BAWISS LTDA.	208	BAWISS
2017	Colombia	4	210	BAYER	210	BAYER
2017	Colombia	4	211	BDF	211	BDF
2017	Colombia	4	218	BIOQUIFAR FARMACÉUTICA S.A.	218	BIOQUIFAR 
2017	Colombia	4	219	BIOTOSCANA	219	BIOTOSCANA
2017	Colombia	4	220	BLASKOV	220	BLASKOV
2017	Colombia	4	221	BOEHRINGER INGELHEIM S.A.	221	BOEHRINGER
2017	Colombia	4	222	BRISTOL-MYERS SQUIBB DE COLOMBIA, S.A.	222	BRISTOL-MYERS SQUIBB
2017	Colombia	4	223	BUSSIE	223	BUSSIÉ 
2017	Colombia	4	228	CHALVER	228	CHALVER
2017	Colombia	4	229	CLARIS LIFESCIENCES COLOMBIA 	229	CLARIS LIFESCIENCES 
2017	Colombia	4	230	CLOSTER PHARMA	230	CLOSTER PHARMA
2017	Colombia	4	231	COMERCIAL MEDICA, LTDA.	231	COMERCIAL MÉDICA
2017	Colombia	4	235	DRUGTECH	235	DRUGTECH
2017	Colombia	4	236	ECAR	236	ECAR
2017	Colombia	4	239	ETYC	239	ETYC
2017	Colombia	4	240	EURODRUG LABORATORIES	240	EURODRUG
2017	Colombia	4	241	EUROETIKA, LTDA.	241	EUROETIKA
2017	Colombia	4	242	TAKEDA S.A.S.	242	TAKEDA
2017	Colombia	4	244	FARMALOGICA S.A.	244	FARMALOGICA
2017	Colombia	4	245	FARMASER, S.A.	245	FARMASER
2017	Colombia	4	252	GARMISCH PHARMACEUTICAL S.A.	252	GARMISCH
2017	Colombia	4	253	GENFAR	253	GENFAR
2017	Colombia	4	255	GLAXOSMITHKLINE	255	GSK
2017	Colombia	4	257	GRUNENTHAL COLOMBIANA	257	GRÜNENTHAL
2017	Colombia	4	258	FARMA DE COLOMBIA S. A.	258	FARMA DE COLOMBIA
2017	Colombia	4	261	GYNOPHARM, S.A.	261	GYNOPHARM
2017	Colombia	4	262	HEEL COLOMBIA LTDA.	262	HEEL 
2017	Colombia	4	265	INCOBRA	265	INCOBRA
2017	Colombia	4	267	JANSSEN - CILAG, S.A.	267	JANSSEN
2017	Colombia	4	269	JOHNSON & JOHNSON DE COLOMBIA S.A.	269	JOHNSON & JOHNSON
2017	Colombia	4	272	LA SANTE	272	LA SANTÉ
2017	Colombia	4	274	LABORATORIO INTERNACIONAL DE COLOMBIA, S.A.	274	LABINCO
2017	Colombia	4	275	LABORATORIOS ALCON DE COLOMBIA S.A.	275	ALCON 
2017	Colombia	4	276	LABORATORIOS DELTA	276	DELTA
2017	Colombia	4	277	GALENO	277	GALENO
2017	Colombia	4	281	LABORATORIOS RYAN DE COLOMBIA, S. EN C.	281	RYAN
2017	Colombia	4	283	LACICO	283	LACICO
2017	Colombia	4	284	LAFRANCOL S.A.S.	284	LAFRANCOL
2017	Colombia	4	287	LICOL S.A.S.	287	LICOL
2017	Colombia	4	293	MERCK SHARP & DOHME	293	MSD
2017	Colombia	4	294	MEREY	294	MEREY
2017	Colombia	4	297	MK (TECNOQUÍMICAS)	297	TECNOQUÍMICAS
2017	Colombia	4	298	NEO	298	NEO
2017	Colombia	4	303	NOVAMED, S.A.	303	NOVAMED
2017	Colombia	4	304	NOVARTIS DE COLOMBIA, S.A. - FARMA	304	NOVARTIS
2017	Colombia	4	305	NOVARTIS DE COLOMBIA, S.A. - OTC	304	NOVARTIS
2017	Colombia	4	307	OFTALMOQUÍMICA, S.A.	307	OFTALMOQUÍMICA
2017	Colombia	4	308	LABORATORIOS OPHARM, LTDA	308	OPHARM
2017	Colombia	4	313	PFIZER	313	PFIZER
2017	Colombia	4	320	PROCAPS	320	PROCAPS
2017	Colombia	4	323	QUIDECA, S.A.	2765	QUIDECA
2017	Colombia	4	324	QUIFARMACOS	324	QUIFARMACOS
2017	Colombia	4	325	QUIFARMED, LTDA.	325	QUIFARMED
2017	Colombia	4	326	QUIMICA PATRIC	326	QUÍMICA PATRIC
2017	Colombia	4	327	RECIPE	327	RECIPE
2017	Colombia	4	329	REMO	329	REMO
2017	Colombia	4	330	ROCHE, S.A.	330	ROCHE 
2017	Colombia	4	331	ROEMMERS	331	ROEMMERS
2017	Colombia	4	332	SANDOZ	332	SANDOZ
2017	Colombia	4	333	SANOFI PASTEUR S.A.	333	SANOFI
2017	Colombia	4	334	SANOFI-AVENTIS DE COLOMBIA, S.A.	333	SANOFI
2017	Colombia	4	341	SOPHIA	341	SOPHIA
2017	Colombia	4	343	STIEFEL	343	STIEFEL
2017	Colombia	4	344	SUIPHAR DE COLOMBIA, S.A.	344	SUIPHAR 
2017	Colombia	4	345	SYNTHESIS	345	SYNTHESIS
2017	Colombia	4	346	SYNTHESIS - BOIRON	345	SYNTHESIS
2017	Colombia	4	347	TECNOFARMA	347	TECNOFARMA 
2017	Colombia	4	348	TECNOQUIMICAS	348	TECNOQUÍMICAS 
2017	Colombia	4	352	VITALCHEM LABORATORIES DE COLOMBIA LTDA.	352	VITALCHEM 
2017	Colombia	4	353	VITALIS S. A. C. I.	353	VITALIS
2017	Colombia	4	356	WINTHROP PHARMACEUTICALS	356	WINTHROP 
2017	Colombia	4	359	ZAMBON	359	ZAMBON
2017	Colombia	4	1201	BCN MEDICAL	1201	BCN MEDICAL
2017	Colombia	4	1202	BREMYMG	1202	BREMYMG
2017	Colombia	4	1377	LABORATORIOS SIEGFRIED	1377	SIEGFRIED
2017	Colombia	4	1384	ABL PHARMA COLOMBIA S.A.	1384	ABL PHARMA 
2017	Colombia	4	1387	HUMAX PHARMACEUTICAL S.A.	1387	HUMAX
2017	Colombia	4	1388	SICMAFARMA S.A.S.	1388	SICMAFARMA
2017	Colombia	4	1389	BLAU FARMACÉUTICA COLOMBIA S.A.S	1389	BLAU
2017	Colombia	4	2412	RECKITT BENCKISER	2412	RECKITT BENCKISER
2017	Colombia	4	2413	LABORATORIOS BIOPAS S.A.	2413	BIOPAS
2017	Colombia	4	2414	DATA PHARMACEUTICAL SERVICES S.A.S.	2414	DATA PHARMACEUTICAL SERVICES
2017	Colombia	4	2454	POEN	2454	POEN
2017	Colombia	4	2455	MEDIHEALTH	2455	MEDIHEALTH
2017	Colombia	4	2471	VENUS REMEDIES	2471	VENUS REMEDIES
2017	Colombia	4	2546	COLMED	2546	COLMED
2017	Colombia	4	2547	MEDLEY	2547	MEDLEY
2017	Colombia	4	2649	DERMOETIKA SAS	2649	DERMOETIKA
2017	Colombia	4	2652	ABBVIE	2652	ABBVIE
2017	Colombia	4	2658	GENZYME	2658	GENZYME
2017	Colombia	4	2661	MUNDIPHARMA COLOMBIA S.A.S	2661	MUNDIPHARMA
2017	Colombia	4	2662	LUNDBECK COLOMBIA	2662	LUNDBECK
2017	Colombia	4	2663	NOVONORDISK	2663	NOVO NORDISK
2017	Colombia	4	2673	USANA HEALTH SCIENCES COLOMBIA, SAS	2673	USANA
2017	Colombia	4	2674	PROCLIN PHARMA S. A.	2674	PROCLIN PHARMA
2017	Colombia	4	2678	GRUINFACOL S.A.	2678	GRUINFACOL
2017	Colombia	4	2753	ANESPA FARMACEUTICA EU	2753	ANESPA FARMACEUTICA EU
2017	Colombia	4	2754	LABORATORIOS GARDEN HOUSE COLOMBIA	2754	GARDEN HOUSE
2017	Colombia	4	2758	AVALON PHARMACEUTICAL	2758	AVALON PHARMACEUTICAL
2017	Colombia	4	2759	BIOTECH PHARMA LTDA	2759	BIOTECH PHARMA
2017	Colombia	4	2761	VICAR FARMACEUTICA S.A.	2761	VICAR
2017	Colombia	4	2763	GLOBAL INTERNATIONAL MEDICINE	2763	GIMED
2017	Colombia	4	2766	QUIDECA – GILBER	2765	QUIDECA
2017	Colombia	4	2767	QUIDECA – THEA	2765	QUIDECA
2017	Colombia	4	2769	QUIDECA – ROCHE	2765	QUIDECA
2017	Colombia	4	2770	QUIDECA – OM PHARMA	2765	QUIDECA
2017	Colombia	4	2780	EUROFARMA COLOMBIA	2780	EUROFARMA
2017	Colombia	4	2781	FIAC FARMACEUTICA S.A.	2781	FIAC
2017	Colombia	4	2782	AMGEN BIOTECNOLOGICA SAS	2782	AMGEN
2017	Colombia	4	2784	CALIER FARMACÉUTICA DE COLOMBIA S.A.	2784	CALIER
2017	Colombia	4	2785	PROFMA S.A.S	2785	PROFMA
2017	Colombia	4	2801	GEDEON RICHTER COLOMBIA	2801	GEDEON RICHTER
2017	Colombia	4	2802	LAPROFF	2802	LAPROFF
2017	Colombia	4	2812	HB HUMAN BIOSCIENCE	2812	HB HUMAN
2017	Colombia	4	2814	MENARINI COLOMBIA	2814	MENARINI
2017	Colombia	4	2815	PHARMAPRIX COLOMBIA	2815	PHARMAPRIX
2017	Colombia	4	2816	LIMINAL THERAPEUTICS S.A.S	2816	LIMINAL
2017	Ecuador	6	1047	ABBOTT LABORATORIOS DEL ECUADOR CIA.  LTDA.	1047	ABBOTT
2017	Ecuador	6	1048	ACROMAX	1048	ACROMAX
2017	Ecuador	6	1052	BALIARDA S.A.	1052	BALIARDA 
2017	Ecuador	6	1053	BASELPHARMA	1053	BASELPHARMA
2017	Ecuador	6	1054	BASSA	1054	BASSA
2017	Ecuador	6	1056	BAYER	1056	BAYER
2017	Ecuador	6	1057	BEIERSDORF	1057	BDF
2017	Ecuador	6	1058	BEIERSDORF  S. A.	1057	BDF
2017	Ecuador	6	1060	BIOGENET	1060	BIOGENET
2017	Ecuador	6	1061	BIOINDUSTRIA	1061	BIOINDUSTRIA
2017	Ecuador	6	1064	LABORATORIOS BIOPAS S.A.	1064	BIOPAS
2017	Ecuador	6	1067	CHALVER LABORATORIOS	1067	CHALVER
2017	Ecuador	6	1069	CHEFAR	1069	CHEFAR
2017	Ecuador	6	1070	CIFSA	1070	CIFSA
2017	Ecuador	6	1071	COMERCIOSA S. A.	1071	COMERCIOSA
2017	Ecuador	6	1076	ECU. LABORATORIOS	1076	LABORATORIOS ECU
2017	Ecuador	6	1077	ECUAQUÍMICA	1077	ECUAQUÍMICA
2017	Ecuador	6	1081	GALIAFARM S.A.	1081	GALIAFARM 
2017	Ecuador	6	1082	GENAMÉRICA S. A.	1082	GENAMÉRICA 
2017	Ecuador	6	1083	GENETIKA PHARMA	1083	GENETIKA PHARMA
2017	Ecuador	6	1084	GENFAR  S.A.	1084	GENFAR
2017	Ecuador	6	1085	GLAXOSMITHKLINE 	1085	GSK
2017	Ecuador	6	1086	GRÜNENTHAL ECUATORIANA, C. LTDA.	1086	GRÜNENTHAL
2017	Ecuador	6	1087	GRUPO FARMA DEL ECUADOR, S. A.	1087	GRUPOFARMA DEL ECUADOR
2017	Ecuador	6	1088	GRUPO HOSPIMEDIKKA INFAREC	1088	HOSPIMEDIKKA
2017	Ecuador	6	1089	GUTIS  FARMACÉUTICA	1089	GUTIS  
2017	Ecuador	6	1090	H. G., C. A. LABORATORIOS	1090	LABORATORIOS H.G.
2017	Ecuador	6	1092	INDUNIDAS, LABORATORIOS	1092	INDUNIDAS
2017	Ecuador	6	1093	INFABI	1093	INFABI
2017	Ecuador	6	1095	INTERPHARM DEL ECUADOR, S. A.	1095	INTERPHARM 
2017	Ecuador	6	1096	ITALCHEM	1096	ITALCHEM
2017	Ecuador	6	1097	ITALPHARMA	1097	ITALPHARMA
2017	Ecuador	6	1098	JANSSEN  CILAG	1098	JANSSEN
2017	Ecuador	6	1100	JULPHARMA, S. A.	1100	JULPHARMA
2017	Ecuador	6	1102	LABORATORIOS BAGÓ DEL ECUADOR, S. A.	1102	BAGÓ
2017	Ecuador	6	1103	LABORATORIOS BUSSIÉ S.A.	1103	BUSSIÉ 
2017	Ecuador	6	1106	LABORATORIOS LAZAR ECUADOR S. A.	1106	LAZAR
2017	Ecuador	6	1107	LABORATORIOS MK	1107	MK
2017	Ecuador	6	1110	LABORATORIOS ROCNARF, S. A.	1110	ROCNARF
2017	Ecuador	6	1111	LAMOSAN CÍA., LTDA.	1111	LAMOSAN
2017	Ecuador	6	1114	LIFE	1114	LIFE
2017	Ecuador	6	1116	MEDICAMENTA  ECUATORIANA	1116	MEDICAMENTA  ECUATORIANA
2017	Ecuador	6	1118	MENARINI INTERNACIONAL	1118	MENARINI
2017	Ecuador	6	1119	ACINO	1119	ACINO
2017	Ecuador	6	1120	MERCK ECUADOR C. A.	1120	MERCK
2017	Ecuador	6	1121	MERCK SHARP & DOHME	1121	MSD
2017	Ecuador	6	1124	NEO-FÁRMACO DEL ECUADOR	1124	NEOFARMACO
2017	Ecuador	6	1125	NESTLÉ	1125	NESTLÉ
2017	Ecuador	6	1130	NOVARTIS, ECUADOR, S. A.	1130	NOVARTIS
2017	Ecuador	6	1134	PFIZER, CIA. LTDA.	1134	PFIZER
2017	Ecuador	6	1136	PHARMABRAND S.A.	1136	PHARMABRAND 
2017	Ecuador	6	1138	PROVENCO CÍA. LTDA.	1138	PROVENCO
2017	Ecuador	6	1140	QUÍMICA ARISTON ECUADOR, C. LTDA	1140	QUÍMICA ARISTON
2017	Ecuador	6	1142	CORPORACIÓN FARMACÉUTICA RECALCINE	1142	RECALCINE
2017	Ecuador	6	1143	ROCHE ECUADOR, S.A.	1143	ROCHE 
2017	Ecuador	6	1144	RODDOME PHARMACEUTICAL, S. A.	1144	RODDOME 
2017	Ecuador	6	1145	ROEMMERS, S. A.	1145	ROEMMERS
2017	Ecuador	6	1146	ROWE LABORATORIOS	1146	ROWE
2017	Ecuador	6	1148	SANOFI - AVENTIS	1148	SANOFI
2017	Ecuador	6	1149	SANOFI PASTEUR	1148	SANOFI
2017	Ecuador	6	1154	LABORATORIO SUIPHAR DEL ECUADOR S.A.	1154	SUIPHAR 
2017	Ecuador	6	1155	TULIPANESA S. A.	1155	TULIPANESA 
2017	Ecuador	6	1161	ZAMBON GROUP	1161	ZAMBON
2017	Ecuador	6	1162	BLENASTOR C.A.	1162	BLENASTOR
2017	Ecuador	6	1163	BOEHRINGER INGELHEIM DEL ECUADOR, CÍA. LTDA.	1163	BOEHRINGER
2017	Ecuador	6	1164	EUROSTAGA S.A.	1164	EUROSTAGA 
2017	Ecuador	6	1165	GALENO-ECUADOR CÍA LTDA	1165	GALENO
2017	Ecuador	6	1167	LAFRANCOL S.A.	1167	LAFRANCOL
2017	Ecuador	6	1168	PROPHAR S.A.	1168	PROPHAR
2017	Ecuador	6	1170	SAVAL S.A.	1170	SAVAL 
2017	Ecuador	6	1171	TECNOQUÍMICAS S.A.	1171	TECNOQUÍMICAS 
2017	Ecuador	6	1173	B. BRAUN  MEDICAL S. A.	1173	B. BRAUN
2017	Ecuador	6	1176	CHILE	1176	LABORATORIOS CHILE
2017	Ecuador	6	1182	FRISONEX	1182	FRISONEX
2017	Ecuador	6	1190	LABORATORIOS TOFIS	1190	TOFIS
2017	Ecuador	6	1197	GENÉRICOS NACIONALES GENA S.A.	1197	GENA
2017	Ecuador	6	1199	ZAIMELLA	1199	ZAIMELLA
2017	Ecuador	6	1360	LABORATORIOS SIEGFRIED	1360	SIEGFRIED
2017	Ecuador	6	1375	NATURAL VITALITY	1375	NATURAL VITALITY
2017	Ecuador	6	2344	TESIA	2344	TESIA
2017	Ecuador	6	2346	LABORATORIOS GM	2346	GM
2017	Ecuador	6	2347	BIOTOSCANA	2347	BIOTOSCANA
2017	Ecuador	6	2348	MEAD JOHNSON	1115	MEAD JOHNSON
2017	Ecuador	6	2511	MEDIFARMA	2511	MEDIFARMA
2017	Ecuador	6	2513	F.J.P. FAJAPRO COMERCIO Y REPRESENTACIONES CÍA. LTDA	2513	FAJAPRO
2017	Ecuador	6	2644	ALEXXIAPHARMA S.A.	2644	ALEXXIAPHARMA
2017	Ecuador	6	2645	TAKEDA ECUADOR CÍA.LTDA.	2645	TAKEDA
2017	Ecuador	6	2647	SANDOZ	2647	SANDOZ
2017	Ecuador	6	2656	UNIPHARM DEL ECUADOR S. A.	2656	UNIPHARM 
2017	Ecuador	6	2677	GEDEON RICHTER ECUADOR S.A.	2677	GEDEON RICHTER
2017	Ecuador	6	2752	LIRA	2752	LIRA
2017	Ecuador	6	2786	ASPEN	2786	ASPEN
2017	Ecuador	6	2787	RENASE	2787	RENASE
2017	Ecuador	6	2797	OXIALFARM CÍA. LTDA.	2797	OXIALFARM
2017	Ecuador	6	2807	LÍNEA CORPORATIVA FPC	2807	LÍNEA CORPORATIVA FPC
2017	Ecuador	6	2808	LABORATORIOS SANFER S.A.	2808	SANFER
2017	Ecuador	6	2809	EUROFARMA	2809	EUROFARMA
2017	Ecuador	6	2811	LABORATORIO PASTEUR	2811	PASTEUR
2017	Ecuador	6	2813	LABORATORIOS STEIN S.A.	2813	STEIN
2017	México	11	1	3M MÉXICO, S.A. DE C.V.	1	3 M
2017	México	11	2	A.F. LABORATORIOS APLICACIONES FARMACÉUTICAS, S.A. DE C.V.	2	APLICACIONES FARMACÉUTICAS
2017	México	11	3	ABBOTT LABORATORIES DE MÉXICO, S.A. DE C.V.	3	ABBOTT
2017	México	11	4	ALCON LABORATORIOS, S.A. DE C.V.	4	ALCON 
2017	México	11	5	ALLERGAN, S.A. DE C.V.	5	ALLERGAN
2017	México	11	6	ALMIRALL DE MÉXICO, S.A. DE C.V.	6	ALMIRALL-PRODESFARMA
2017	México	11	7	ALPHARMA, S.A. DE C.V., LABORATORIOS	7	ALPHARMA
2017	México	11	9	ALVARTIS PHARMA, S.A. DE C.V.	9	ALVARTIS 
2017	México	11	10	ANTIBIÓTICOS DE MÉXICO, S.A. DE C.V.	10	AMSA
2017	México	11	11	ANCHOR FARMA, S.A. DE C.V.	11	ANCHOR FARMA
2017	México	11	12	ARMSTRONG LABORATORIOS DE MÉXICO, S.A. DE C.V.	12	ARMSTRONG
2017	México	11	13	ASOFARMA DE MÉXICO, S.A. DE C.V.	13	ASOFARMA
2017	México	11	14	ASPID, S.A. DE C.V.	14	ASPID
2017	México	11	15	ASTRAZENECA, S.A. DE C.V.	15	ASTRAZENECA
2017	México	11	16	ATLANTIS, S.A. DE C.V.	16	ATLANTIS
2017	México	11	20	BAUSCH & LOMB MÉXICO, S.A. DE C.V.	20	BAUSCH & LOMB
2017	México	11	21	BAYER SCHERING PHARMA (DIVISIÓN CONSUMER CARE)	22	BAYER
2017	México	11	22	BAYER DE MEXICO	22	BAYER
2017	México	11	24	BIOFARMA NATURAL CMD, S.A. DE C.V.	24	BIOFARMA
2017	México	11	25	BIOMEP, S.A. DE C.V.	25	BIOMEP
2017	México	11	26	BIOPHARMEX, S.A. DE C.V	26	BIOPHARMEX
2017	México	11	27	BÍOX DE MÉXICO, S.A. DE C.V.	1015	BIOX
2017	México	11	28	BOEHRINGER INGELHEIM MÉXICO, S.A. DE C.V.	2332	BOEHRINGER
2017	México	11	29	BOEHRINGER INGELHEIM MÉXICO, S.A. DE C.V. PRODUCTOS DE AUTOMEDICACIÓN	2332	BOEHRINGER
2017	México	11	30	BOMUCA, S.A. DE C.V	30	BOMUCA
2017	México	11	31	BRISTOL-MYERS SQUIBB DE MÉXICO, S. DE R.L. DE C.V.	31	BRISTOL-MYERS SQUIBB
2017	México	11	32	BRULUAGSA, S.A. DE C.V.	32	BRULUAGSA
2017	México	11	33	BUSTILLOS, S.A. DE C.V., LABORATORIOS	33	BUSTILLOS
2017	México	11	35	CARNOT LABORATORIOS, PRODUCTOS CIENTÍFICOS, S.A. DE C.V.	35	CARNOT
2017	México	11	36	CHINOIN, PRODUCTOS FARMACÉUTICOS, S.A. DE C.V.	36	CHINOIN
2017	México	11	38	COLUMBIA, S.A. DE C.V. LABORATORIOS	38	COLUMBIA
2017	México	11	41	COMPAÑIA INTERNACIONAL DE COMERCIO, S.A. DE .C.V.	41	COMPAÑIA INTERNACIONAL DE COMERCIO
2017	México	11	42	CONCORDIA, S.A. DE C.V., LABORATORIOS	42	CONCORDIA
2017	México	11	44	CORNE, S.A. DE C.V., LABORATORIOS	2686	CORNE
2017	México	11	45	CRYOPHARMA, S.A. DE C.V., LABORATORIOS	45	CRYOPHARMA 
2017	México	11	46	DEGORT’S CHEMICAL, S.A. DE C.V.	46	DEGORT´S
2017	México	11	47	DELICIAS S.A. DE C.V., PRODUCTOS ALIMENTICIOS	47	PADSA
2017	México	11	48	DERMATOLÓGICOS DARIER, S.A. DE C.V., LABORATORIOS	48	DARIER
2017	México	11	49	DIBA, S.A., LABORATORIOS	49	DIBA
2017	México	11	50	ELI LILLY Y COMPAÑÍA DE MÉXICO, S.A. DE C.V.	50	ELI LILLY
2017	México	11	51	ESPECÍFICOS STENDHAL, S.A. DE C.V.	51	STENDHAL
2017	México	11	52	EURODRUG LABORATORIES	52	EUROLAB
2017	México	11	56	FARMASA, S.A. DE C.V., LABORATORIOS	56	FARMASA
2017	México	11	57	FEDELE, S.A. DE C.V.	57	FEDELE
2017	México	11	58	FERRING S.A DE C.V	58	FERRING
2017	México	11	59	FRESENIUS KABI MÉXICO, S.A. DE C.V., LABORATORIOS	59	FRESENIUS
2017	México	11	60	GALDERMA MÉXICO, S.A. DE C.V.	60	GALDERMA
2017	México	11	61	GELCAPS EXPORTADORA DE MÉXICO, S.A. DE C.V.	2730	PERRIGO
2017	México	11	63	GENOMMA LABORATORIES DE MÉXICO, S.A. DE C.V.	63	GENOMMA
2017	México	11	64	GLAXOSMITHKLINE MÉXICO, S.A. DE C.V.	64	GSK
2017	México	11	65	GLAXOSMITHKLINE MÉXICO, S.A. DE C.V. (CONSUMO)	64	GSK
2017	México	11	66	GROSSMAN, S.A., LABORATORIOS	66	GROSSMAN
2017	México	11	67	GRÜNENTHAL DE MÉXICO, S.A. DE C.V.	67	GRÜNENTHAL
2017	México	11	70	HORMONA, S.A. DE C.V., LABORATORIOS	70	HORMONA
2017	México	11	71	HOSPIRA, S. DE R. L. DE C. V.	2702	HOSPIRA
2017	México	11	73	IMPORTADORA Y MANUFACTURERA BRULUART, S.A.	73	BRULUART
2017	México	11	74	ANDRÓMACO, INDUSTRIA FARMACÉUTICA S.A. DE C.V.	74	ANDRÓMACO
2017	México	11	75	INDUSTRIAS QUÍMICO FARMACÉUTICAS AMERICANAS, S.A. DE C.V.	75	IQFA
2017	México	11	76	INDUSTRIAS QUÍMICO FARMACEUTICAS AMERICANAS,S.A. DEC.V. 	75	IQFA
2017	México	11	77	INDUSTRIAS SUANCA, S.A. DE C.V.	77	SUANCA
2017	México	11	79	INSTITUTO BIOCLON, S.A. DE C.V.	79	BIOCLON
2017	México	11	80	INTENDIS MEXICANA, S.A. DE C.V.	80	INTENDIS 
2017	México	11	81	INVESTIGACIÓN FARMACÉUTICA, S.A. DE C.V.	81	IFA CELTICS
2017	México	11	83	ITALMEX, S.A.	83	ITALMEX
2017	México	11	84	JANSSEN-CILAG, S.A. DE C.V.	84	JANSSEN
2017	México	11	85	LA ROCHE-POSAY LABORATOIRE PHARMACEUTIQUE	2509	LA ROCHE - POSAY
2017	México	11	86	MÉDICO QUÍMICO BIOLÓGICO, S.A. DE C.V., LABORATORIO	86	BIOQUIMED
2017	México	11	88	LABORATORIOS GRIN, S.A. DE C.V.	88	GRIN
2017	México	11	89	LABORATORIOS GRISI GRISI HNOS. S.A. DE C.V.	89	GRISI
2017	México	11	90	KENDRICK, S.A., LABORATORIOS	90	KENDRICK
2017	México	11	91	KENER, S.A. DE C.V., LABORATORIOS	91	KENER
2017	México	11	92	MAYOLY-SPINDLER DE MÉXICO, S.A. DE C.V.	92	MAYOLY
2017	México	11	95	SERVIER MÉXICO, S.A. DE C.V., LABORATORIOS	95	SERVIER
2017	México	11	96	SIFI DE MÉXICO S.A DE C.V., LABORATORIOS	96	SIFI
2017	México	11	98	LAKESIDE, S.A. DE C.V.	2719	LAKESIDE
2017	México	11	99	LANDSTEINER SCIENTIFIC, S.A. DE C.V.	99	LANDSTEINER 
2017	México	11	100	LEMERY, S.A. DE C.V.	100	LEMERY
2017	México	11	101	LEO PHARMACEUTICAL S.DE R.L. DE C.V.	101	LEOPHARMA
2017	México	11	102	LIFERPAL MD, S.A. DE C.V.	102	LIFERPAL
2017	México	11	103	LIOMONT, S.A. DE C.V., LABORATORIOS	103	LIOMONT
2017	México	11	104	LOEFFLER, S.A. DE C.V.	104	LOEFFLER
2017	México	11	105	LUNDBECK MÉXICO, S.A. DE C.V.	105	LUNDBECK
2017	México	11	106	MANUELL, S.A., LABORATORIOS	106	MANUELL
2017	México	11	107	MAVER, S.A. DE C.V., PRODUCTOS	107	MAVER
2017	México	11	108	MAVI FARMACÉUTICA, S.A. DE C.V.	108	MAVI
2017	México	11	111	MEDIHEALTH DIVISIÓN DERMATOLOGÍA DE SIEGFRIED RHEIN, S. A. DE C. V.	111	MEDIHEALTH
2017	México	11	114	MERCK SHARP & DOHME DE MÉXICO, S.A. DE C.V.	114	MSD
2017	México	11	115	MERCK, S.A. DE C.V.	115	MERCK
2017	México	11	116	MERZ-PHARMA, S.A. DE C.V.	116	MERZ
2017	México	11	117	OCULUS TECHNOLOGIES OF MEXICO, S.A. DE C.V.	117	OCULUS
2017	México	11	118	MORE PHARMA CORPORATION, S. DE R.L. DE C.V.	118	MORE PHARMA
2017	México	11	119	NAFAR, S.A.	119	NAFAR
2017	México	11	120	NESTLÉ MÉXICO, S.A. DE C.V.	120	NESTLÉ
2017	México	11	121	NOVAG INFANCIA, S.A. DE C.V.	121	NOVAG
2017	México	11	122	NOVARTIS FARMACÉUTICA, S.A. DE C.V.	122	NOVARTIS
2017	México	11	123	NOVO NORDISK MÉXICO	123	NOVO NORDISK
2017	México	11	124	NOVUM-PHARMA, S.A. DE C.V.	124	NOVUM-PHARMA
2017	México	11	125	NUCITEC, S.A. DE C.V.	125	NUCITEC
2017	México	11	126	NYCOMED, S.A. DE C.V.	126	NYCOMED
2017	México	11	127	OCTAPHARMA, S.A. DE C.V.	127	OCTAPHARMA
2017	México	11	128	ORGANON MEXICANA, S.A. DE C.V.	128	ORGANON
2017	México	11	131	PFIZER, S.A. DE C.V.	130	PFIZER
2017	México	11	132	PHARMACOS EXAKTA, S.A. DE C.V.	132	EXAKTA
2017	México	11	133	PIERRE FABRE MÉXICO, S.A. DE C.V.	133	PIERRE FABRE
2017	México	11	134	PISA, S.A. DE C.V., LABORATORIOS	134	PISA
2017	México	11	135	PIZZARD, S.A. DE C.V., LABORATORIOS	135	PIZZARD
2017	México	11	136	PROBIOMED, S.A. DE C.V.	136	PROBIOMED
2017	México	11	138	PRODUCTOS FARMACÉUTICOS COLLINS, S.A. DE C.V.	138	COLLINS
2017	México	11	139	PRODUCTOS MEDIX, S.A. DE C.V.	139	MEDIX
2017	México	11	140	PRODUCTOS MEDIX, S.A. DE C.V.	139	MEDIX
2017	México	11	143	PSICOFARMA, S.A. DE C.V.	143	PSICOFARMA
2017	México	11	145	QUIMICA SON´S, S.A. DE C.V., LABORATORIOS 	145	QUÍMICA SON´S
2017	México	11	146	QUÍMICA Y FARMACIA, S.A. DE C.V.	146	QUÍMICA Y FARMACIA
2017	México	11	148	RANDALL LABORATORIOS, S.A. DE C.V.	148	RANDALL 
2017	México	11	149	RAYERE, S.A., FARMACÉUTICOS	149	RAYERE
2017	México	11	151	REPRESENTACIONES E INVESTIGACIONES MÉDICAS, S.A. DE C.V.	151	RIMSA
2017	México	11	152	REPRESENTACIONES MEX-AMÉRICA, S.A. DE C.V.	150	REMEXA
2017	México	11	154	ROCHE, S.A. DE C.V., PRODUCTOS DIVISIÓN FARMACÉUTICA	153	ROCHE 
2017	México	11	155	ROMSA DE MÉXICO, S.A. DE C.V.	155	ROMSA 
2017	México	11	157	SALUD NATURAL MEXICANA, S.A. DE.  C.V.	157	SALUD NATURAL 
2017	México	11	158	SALUS, S.A. DE C.V., LABORATORIOS	158	SALUS
2017	México	11	159	SANDOZ, S.A. DE C.V.	159	SANDOZ
2017	México	11	160	SANFER, S.A. DE C.V., LABORATORIOS	160	SANFER
2017	México	11	161	SANOFI PASTEUR, S.A. DE C.V.	161	SANOFI
2017	México	11	162	SANOFI-AVENTIS DE MÉXICO, S.A. DE C.V.	161	SANOFI
2017	México	11	164	SBL PHARMACEUTICALS, S. DE R.L. DE C.V.	164	SBL 
2017	México	11	166	SCHERING-PLOUGH, S.A. DE C.V.	165	SCHERING-PLOUGH
2017	México	11	168	SENOSIAIN, S.A. DE C.V., LABORATORIOS	168	SENOSIAIN
2017	México	11	169	SERRAL, S.A. DE C.V. 	169	SERRAL
2017	México	11	170	SIEGFRIED RHEIN, S.A. DE C.V.	170	SIEGFRIED RHEIN
2017	México	11	171	SILANES, S.A. DE C.V., LABORATORIOS	171	SILANES
2017	México	11	173	SOLFRAN , S.A., LABORATORIOS	173	SOLFRAN
2017	México	11	174	SOPHIA S.A. DE C.V., LABORATORIOS	174	SOPHIA
2017	México	11	175	STIEFEL MEXICANA, S.A. DE C.V.	175	STIEFEL
2017	México	11	176	STREGER, S.A.	176	STREGER 
2017	México	11	177	SUN PHARMA DE MÉXICO, S.A. DE C.V.	177	SUN PHARMA 
2017	México	11	180	SYNTEX, S.A. DE C.V.	180	SYNTEX
2017	México	11	181	TECNOFARMA, S.A. DE C.V.	181	TECNOFARMA 
2017	México	11	182	TEVA PHARMACEUTICALS MÉXICO	182	TEVA
2017	México	11	183	UCB DE MÉXICO, S.A. DE C.V.	183	UCB 
2017	México	11	184	UNIPHARM DE MÉXICO S.A. DE C.V.	184	UNIPHARM 
2017	México	11	185	USANA MÉXICO, S.A. DE C.V.	185	USANA
2017	México	11	186	VALDECASAS, S.A., LABORATORIOS	186	VALDECASAS
2017	México	11	187	VALEANT FARMACÉUTICA, S.A. DE C.V.	187	VALEANT
2017	México	11	190	WERMAR PHARMACEUTICALS, S.A. DE C.V.	190	WERMAR PHARMACEUTICALS
2017	México	11	191	WINTHROP PHARMACEUTICALS DE MÉXICO, S.A. DE C.V.	191	WINTHROP 
2017	México	11	193	WYETH, S.A. DE C.V.	192	WYETH
2017	México	11	194	ZAFIRO, S.A. DE C.V., LABORATORIOS	194	ZAFIRO
2017	México	11	1012	GENZYME MÉXICO, S. DE R.L. DE C.V.	1012	GENZYME
2017	México	11	1013	LABORATORIOS REBSTER DE MÉXICO, S.A.	1013	REBSTER
2017	México	11	1014	VANQUISH	1014	VANQUISH
2017	México	11	1016	POEN VISIÓN, S.A. DE C.V.	1016	POEN
2017	México	11	1017	MEAD JOHNSON NUTRICIONALES DE MÉXICO, S. DE R.L. DE C.V.	1017	MEAD JOHNSON
2017	México	11	1018	FERRER THERAPEUTICS, S.A DE C.V.	1018	FERRER 
2017	México	11	1019	ADVAITA PHARMA, S.A. DE C.V.	1019	ADVAITA
2017	México	11	1361	BUFFINGTON´S DE MÉXICO, S.A. DE C.V.	1361	BUFFINGTON´S
2017	México	11	1362	DERMACEUTICAL MÉXICO, S.A. DE C.V.	1362	DERMACEUTICAL
2017	México	11	1363	GRACEWAY MÉXICO, S. DE R.L. DE C.V.	1363	GRACEWAY
2017	México	11	1364	A. MENARINI FARMACEUTICA INTERNAZIONALE, S.R.L.	1364	MENARINI
2017	México	11	1365	ESTERIPHARMA MÉXICO, S.A. DE C.V.	1365	ESTERIPHARMA
2017	México	11	1366	LABORATORIOS DIBAR, S.A. DE C.V.	1366	DIBAR
2017	México	11	1367	CELL PHARMA, S. DE R.L. DE C.V.	1367	CELLPHARMA
2017	México	11	2322	BDF	2322	BDF
2017	México	11	2324	DIVINE SKIN LABORATORIES, S.A. DE C.V.	2324	DIVINE SKIN
2017	México	11	2325	GRUPO VENTA INTERNACIONAL, S.A. DE C.V.	2325	GVI
2017	México	11	2326	MEDA PHARMA S. DE R. L. DE C.V.	2326	MEDA PHARMA
2017	México	11	2329	ALFA WASSERMANN, S.A. DE C.V.	2329	ALFA WASSERMANN
2017	México	11	2329	LABORATORIOS ALFASIGMA MÉXICO, S.A. DE C.V.	2329	ALFA WASSERMANN
2017	México	11	2331	BAYER DE MÉXICO, S.A. DE C.V.	22	BAYER
2017	México	11	2332	BOEHRINGER INGELHEIM PROMECO S.A. DE C.V.	2332	BOEHRINGER
2017	México	11	2333	GLENMARK PHARMACEUTICALS MÉXICO, S.A. DE C.V.	2333	GLENMARK 
2017	México	11	2334	GRUPO MEDIFARMA, S.A. DE C.V.	2334	MEDIFARMA
2017	México	11	2335	IVAX PHARMACEUTICALS MÉXICO, S.A. DE C.V.	2335	IVAX
2017	México	11	2336	UNDRA, S.A. DE C.V.	2336	UNDRA
2017	México	11	2337	ACCORD FARMA, S.A. DE C.V.	2337	ACCORD
2017	México	11	2340	NOVOPHARM, S.A. DE C.V.	2340	NOVOPHARM
2017	México	11	2341	S & M NANO - BIOTECHNOLOGY, S.A. DE C.V	2341	SANKI
2017	México	11	2342	TORRENT, S.A. DE C.V., LABORATORIOS	2342	TORRENT
2017	México	11	2415	TAKEDA MÉXICO S.A DE C.V	2415	TAKEDA
2017	México	11	2472	PIERRE-FABRE FARMA DE MÉXICO, S.A. DE C.V.	133	PIERRE FABRE
2017	México	11	2493	MEAD JOHNSON NUTRICIONALES DE MÉXICO, S. DE R.L. DE C.V.	1017	MEAD JOHNSON
2017	México	11	2494	RECKITT BENCKISER MÉXICO S.A. DE C.V.	2494	RECKITT BENCKISER
2017	México	11	2496	COMERCIALIZADORA FARMACÉUTICA DE CHIAPAS, S. A. DE C. V.	2496	FARMACIAS DEL AHORRO
2017	México	11	2501	ACTELION	2501	ACTELION
2017	México	11	2502	JOHNSON & JOHNSON CONSUMO	2502	JOHNSON & JOHNSON
2017	México	11	2503	ARLEX DE MÉXICO, S.A. DE C.V.	2503	ARLEX
2017	México	11	2504	FARMACIA GUADALAJARA	2504	FARMACIA GUADALAJARA
2017	México	11	2505	FARMACIAS MEDIMART	2505	MEDIMART
2017	México	11	2506	AMGEN MÉXICO, S.A. DE C.V.	2506	AMGEN
2017	México	11	2507	IPSEN MÉXICO, S.A. DE C.V.	2507	IPSEN
2017	México	11	2508	FARMAPIEL	2508	FARMAPIEL
2017	México	11	2509	LA ROCHE-POSAY LABORATOIRE DERMATOLOGIQUE	2509	LA ROCHE - POSAY
2017	México	11	2510	TOULOUSE PHARMA, S.A. DE C.V.	2510	TOULOUSE PHARMA
2017	México	11	2514	HIGIA LABORATORIOS	2514	HIGIA
2017	México	11	2515	LABORATORIOS JAYOR MÉXICO	2515	JAYOR
2017	México	11	2516	VITALIS PHARMA	2516	VITALIS
2017	México	11	2517	INTELLIGENCE PHARMACEUTICAL NETWORK	2517	INTELPHARMA
2017	México	11	2518	ALLEN LABORATORIOS, S.A. DE C.V.	2518	ALLEN
2017	México	11	2519	ELITE MEDICAL	2519	ELITE MEDICAL
2017	México	11	2521	Church & Dwright, S. de R.L. de C.V.	2521	CHURCH & DWIGHT
2017	México	11	2522	Comercial Distribuidora APA, S.A. de C.V.	2522	CODIAPASA
2017	México	11	2643	UP PHARMA, S.A. DE C.V.	2643	ZELLER SUIZA
2017	México	11	2643	LABORATORIO ZELLER SUIZA	2643	ZELLER SUIZA
2017	México	11	2646	INTERLAB PHARMACÉUTICA	2646	INTERLAB
2017	México	11	2648	ISIS PHARMA	2648	ISIS PHARMA
2017	México	11	2650	SESDERMA MEXICO	2650	SESDERMA
2017	México	11	2651	CONSORCIO DERMATOLÓGICO DE MÉXICO S.A. DE C.V.	2651	CDM
2017	México	11	2653	COSMÉTICOS DERMATOLOGICOS DE MÉXICO	2653	GENOVE
2017	México	11	2654	ISDIN MEXICO SA DE CV	2654	ISDIN
2017	México	11	2655	APOTEX	2655	APOTEX
2017	México	11	2657	MICRO PHARMACEUTICALS	2657	MICROMEX
2017	México	11	2659	GRUPO LALA	2659	LALA
2017	México	11	2664	PHARMAGEN	2664	PHARMAGEN
2017	México	11	2672	ASPEN LABS	2672	ASPEN
2017	México	11	2675	MOKSHA 8	2675	MOKSHA 8
2017	México	11	2676	ABBVIE	2676	ABBVIE
2017	México	11	2679	ZURICH PHARMA, S.A. DE C.V.	2679	ZURICH PHARMA
2017	México	11	2713	LABORATORIOS EXPANSCIENCE MÉXICO, S.A. DE C.V.	2713	EXPANSCIENCE
2017	México	11	2755	FARMACÉUTICA HISPANOAMERICANA	2755	FARMACÉUTICA HISPANOAMERICANA
2017	México	11	2762	OMICRONLAB SA DE CV	2762	OMICRONLAB
2017	México	11	2773	EISAI LABORATORIOS	2773	EISAI
2017	México	11	2774	AVIVIA PHARMA	2774	AVIVIA PHARMA
2017	México	11	2776	PROGELA	2776	PROGELA
2017	México	11	2783	BIOCODEX	2783	BIOCODEX
2017	México	11	2788	SINAX	2788	SINAX
2017	México	11	2789	UP PHARMA	2789	UP PHARMA
2017	México	11	2793	BBRAUN	2793	B. BRAUN
2017	México	11	2794	IMMUNOTEC	2794	IMMUNOTEC
2017	México	11	2796	BIOGENTEC	2796	BIOGENTEC
2017	México	11	2798	PERRIGO	2730	PERRIGO
2017	México	11	2799	GEDEON RICHTER	2799	GEDEON RICHTER
2017	México	11	2800	DKT México	2800	DKT
2017	México	11	2806	KOKUSAI NATURISTA S.A. DE C.V.	2806	KOKUSAI
2017	México	11	2810	SHIRE PHARMACEUTICALS MEXICO S.A. DE C.V.	2810	SHIRE
2017	México	11	2817	CELGENE MÉXICO	2817	CELGENE
2017	Perú	14	360	ABBOTT LABORATORIOS S.A.	360	ABBOTT
2017	Perú	14	367	ALCON PHARMACEUTICAL DEL PERÚ S.A.	367	ALCON 
2017	Perú	14	369	ALLERGAN	369	ALLERGAN
2017	Perú	14	380	BAGÓ DEL PERÚ	380	BAGÓ
2017	Perú	14	381	BAYER S.A.	381	BAYER
2017	Perú	14	383	BEIERSDORF S.A.C.	383	BDF
2017	Perú	14	391	BIOS PERU	391	BIOS PERU
2017	Perú	14	392	BIOTOSCANA FARMA S.A.	392	BIOTOSCANA
2017	Perú	14	393	BOEHRINGER INGELHEIM	393	BOEHRINGER
2017	Perú	14	407	LABORATORIOS CRESPAL - PERÚ	1244	CRESPAL
2017	Perú	14	409	DELFARMA	409	DELFARMA
2017	Perú	14	412	DEUTSCHE PHARMA S.A.C.	412	DEUTSCHE PHARMA 
2017	Perú	14	416	DRINTEFA	416	DRINTEFA
2017	Perú	14	422	DROGUERÍA PERÚ S.A.C.	2666	DROGUERÍA PERÚ SAC
2017	Perú	14	442	FARMEDIC S.A.C.	442	FARMEDIC 
2017	Perú	14	443	FARMINDUSTRIA S.A.	443	FARMINDUSTRIA 
2017	Perú	14	445	DROGUERÍA LABORATORIO FARVET S.A.C.	445	FARVET
2017	Perú	14	453	GIANFARMA S.A.	453	GIANFARMA
2017	Perú	14	454	GLAXOSMITHKLINE PERÚ S.A.	454	GSK
2017	Perú	14	455	GLENMARK PHARMACEUTICAL L.T.D.	455	GLENMARK 
2017	Perú	14	459	GRÜNENTHAL PERUANA S. A.	459	GRÜNENTHAL
2017	Perú	14	461	FARMAKONSUMA	461	FARMAKONSUMA
2017	Perú	14	465	HERSIL S.A.	465	HERSIL 
2017	Perú	14	473	INSTITUTO QUIMIOTERÁPICO S.A.	473	IQFARMA
2017	Perú	14	477	INTIPHARMA S.A.C.	477	INTIPHARMA 
2017	Perú	14	487	LABORATORIO S.J. ROXFARMA S.A	487	ROXFARMA
2017	Perú	14	488	LABORATORIOS AMERICANOS S.A - LABOT	488	LABORATORIOS AMERICANOS
2017	Perú	14	489	LABORATORIOS D.A. CARRION S.A.C.	489	CARRION
2017	Perú	14	498	LAMOSAN	498	LAMOSAN
2017	Perú	14	499	LANSIER	493	LANSIER
2017	Perú	14	504	LUKOLL S.A.C.	504	LUKOLL 
2017	Perú	14	505	LABORATORIOS UNIDOS S.A.	505	LUSA
2017	Perú	14	511	MEAD JOHNSON NUTRITION	511	MEAD JOHNSON
2017	Perú	14	512	MEDIFARMA S.A.	512	MEDIFARMA
2017	Perú	14	518	MERCK PERUANA S.A	518	MERCK
2017	Perú	14	527	NOVARTIS BIOSCIENCES PERU S.A.	527	NOVARTIS
2017	Perú	14	530	OM PHARMA S.A	530	OM PHARMA
2017	Perú	14	534	ORDESA	534	ORDESA
2017	Perú	14	538	PALMAGYAR S.A.	538	PALMAGYAR 
2017	Perú	14	544	PFIZER S.A.	544	PFIZER
2017	Perú	14	545	PHARBAL S.A.	545	PHARBAL
2017	Perú	14	555	CONTILAB	555	CONTILAB
2017	Perú	14	558	QUILAB (QUIMICA SUIZA S.A.)	558	QUILAB
2017	Perú	14	561	EUROFARMA PERÚ S.A.C.	561	EUROFARMA
2017	Perú	14	565	ROEMMERS S.A.	565	ROEMMERS
2017	Perú	14	573	SANOFI-AVENTIS DEL PERÚ S.A.	572	SANOFI
2017	Perú	14	577	SENOSIAIN S.A DE C.V., LABORATORIOS	577	SENOSIAIN
2017	Perú	14	581	SIEGFRIED S.A.	581	SIEGFRIED RHEIN
2017	Perú	14	587	TECNOFARMA S.A.	587	TECNOFARMA 
2017	Perú	14	593	UNIMED DEL PERÚ S.A.	593	UNIMED
2017	Perú	14	598	VITABIOTICS	598	VITABIOTICS
2017	Perú	14	599	VITALIS PERU S.A.C.	599	VITALIS
2017	Perú	14	601	WORLD PHARMA S.A.C.	601	WORLD PHARMA 
2017	Perú	14	1228	DROGUERIAS UNIDAS DEL PERU	1228	DROGUERIAS UNIDAS 
2017	Perú	14	1259	PHARMEX S.A.C.	1259	PHARMEX
2017	Perú	14	1403	ALBIS	1403	ALBIS
2017	Perú	14	1420	TECHSPHERE PERÚ	1420	TECHSPHERE
2017	Perú	14	1424	NOVAX E.I.R.L.	1424	NOVAX
2017	Perú	14	2481	OQPHARMA S.A.C.	2481	OQPHARMA
2017	Perú	14	2482	PHARMAGEN	2482	PHARMAGEN
2017	Perú	14	2536	TEVA	2536	TEVA
2017	Perú	14	2537	NOVO NORDISK	2537	NOVO NORDISK
2017	Perú	14	2665	TAKEDA S.R.L.	2665	TAKEDA
2017	Perú	14	2666	DAEWON PHARM CO LTDA	2666	DROGUERÍA PERÚ SAC
2017	Perú	14	2667	KOREA UNITED PHARM	2666	DROGUERÍA PERÚ SAC
2017	Perú	14	2668	UNION KOREA PHARM	2666	DROGUERÍA PERÚ SAC
2017	Perú	14	2772	PBM NUTRITIONALS LLC (DROPESAC)	2666	DROGUERÍA PERÚ SAC
2017	Perú	14	2791	APRIPHARMA (DROPESAC)	2791	APRIPHARMA
2017	Perú	14	2792	PHARMARIS PERÚ S.A.C.	2792	PHARMARIS
2017	West Indies	36	1356	MK PHARMACEUTICALS / HEAD QUARTERS	1356	MK
2017	West Indies	36	1357	ACINO PHARMA AG	1357	ACINO
2017	West Indies	36	1358	SANOFI	1358	SANOFI
2017	West Indies	36	2328	BAYER	2328	BAYER
2017	West Indies	36	2670	MERZ PHARMACEUTICALS GMBH	2670	MERZ
2017	West Indies	36	2795	JANSSEN-CILAG	2795	JANSSEN
2017	Chile	38	2550	ABBOTT LABORATORIES DE CHILE LTDA.	2550	ABBOTT
2017	Chile	38	2551	ALCON LABORATORIOS CHILE LTDA.	2551	ALCON
2017	Chile	38	2552	ALLERGAN LABORATORIOS LTDA.	2552	ALLERGAN
2017	Chile	38	2554	ANDROMACO S.A.	2554	ANDRÓMACO
2017	Chile	38	2555	ASTRAZENECA CHILE S.A.	2555	ASTRAZENECA
2017	Chile	38	2556	AXON - PHARMA FARMACEUTICA LTDA.	2556	AXON
2017	Chile	38	2557	B. BRAUN MEDICAL S.A.	2557	B. BRAUN
2017	Chile	38	2558	BAGÓ DE CHILE S.A.	2558	BAGÓ
2017	Chile	38	2559	BAXTER CHILE	2559	BAXTER
2017	Chile	38	2560	BAYER S. A.	2560	BAYER
2017	Chile	38	2562	BIOPHARM	2562	BIOPHARM
2017	Chile	38	2563	BIOSANO S. A.	2563	BIOSANO
2017	Chile	38	2564	BIOTOSCANA FARMA S.A.	2564	BIOTOSCANA
2017	Chile	38	2565	BOEHRINGER INGELHEIM LTDA.	2565	BOEHRINGER
2017	Chile	38	2566	BRISTOL - MYERS SQUIBB DE CHILE	2566	BRISTOL-MYERS SQUIBB
2017	Chile	38	2568	CHEMOPHARMA S.A.	2568	CHEMOPHARMA
2017	Chile	38	2569	CHILE S.A.	2569	CHILE
2017	Chile	38	2571	D&M PHARMA S.A.	2571	D&M PHARMA
2017	Chile	38	2575	DISPOLAB FARMACEUTICA S.A.	2575	DISPOLAB
2017	Chile	38	2576	DROGUERIA FARMOQUIMICA DEL PACIFICO	2576	FARMOQUIMICA DEL PACIFICO
2017	Chile	38	2577	DRUGTECH	2577	DRUGTECH
2017	Chile	38	2578	ELI LILLY INTERAMERICA INC. y CIA LTDA.	2578	ELI LILLY
2017	Chile	38	2580	ETEX FARMACEUTICA LTDA.	2580	ETEX
2017	Chile	38	2581	EUROLAB LTDA.	2581	EUROLAB
2017	Chile	38	2582	EXPOFARMA LTDA.	2582	EXPOFARMA
2017	Chile	38	2583	FARMACEUTICO MASTER S. A.	2583	FARMACEUTICO MASTER
2017	Chile	38	2585	FERRING CHILE	2585	FERRING
2017	Chile	38	2588	GLAXOSMITHKLINE CHILE FARMACEUTICA LTDA.	2588	GSK
2017	Chile	38	2589	GRIFOLS CHILE S.A.-	2589	GRIFOLS
2017	Chile	38	2590	GRÜNENTHAL CHILENA LTDA.	2590	GRÜNENTHAL
2017	Chile	38	2591	GYNOPHARM	2591	GYNOPHARM
2017	Chile	38	2593	INSTITUTO SANITAS S. A.	2593	SANITAS
2017	Chile	38	2594	INTERPHARMA S.A.	2594	INTERPHARMA
2017	Chile	38	2596	ITF - LABOMED FARMACEUTICA LIMITADA	2596	ITF LABOMED
2017	Chile	38	2597	JANSSEN CILAG	2597	JANSSEN
2017	Chile	38	2598	JOHNSON & JOHNSON PERSONAL CARE CHILE S.A.	2598	JOHNSON & JOHNSON
2017	Chile	38	2599	K2 HEALTH & WELLNESS	2599	K2 HEALTH & WELLNESS
2017	Chile	38	2600	KAMPAR S.A.	2600	KAMPAR
2017	Chile	38	2602	LAFI	2602	LAFI
2017	Chile	38	2603	LUNDBECK CHILE LTDA.	2603	LUNDBECK
2017	Chile	38	2604	MAVER LTDA.	2604	MAVER
2017	Chile	38	2605	MEDIDERM	2605	MEDIDERM
2017	Chile	38	2606	MEDIPHARM LTDA.	2606	MEDIPHARM
2017	Chile	38	2607	MERCK S.A.	2607	MERCK
2017	Chile	38	2608	MERCK SERONO	2607	MERCK
2017	Chile	38	2609	MERCK SHARP & DOHME I.A. CORP.	2609	MSD
2017	Chile	38	2610	MINTLAB CO S.A.	2610	MINTLAB
2017	Chile	38	2611	NOVARTIS CHILE S.A.	2611	NOVARTIS
2017	Chile	38	2613	PASTEUR S.A.	2613	PASTEUR
2017	Chile	38	2614	PENTAFARMA S.A.	2614	PENTAFARMA
2017	Chile	38	2616	PFIZER DE CHILE S.A.	2616	PFIZER
2017	Chile	38	2617	PHARMA INVESTI DE CHILE S. A.	2617	PHARMA INVESTI
2017	Chile	38	2618	PHARMACROSS BIOCROSS S.A.	2618	BIOCROSS
2017	Chile	38	2619	PHARMAVITA S.A.	2619	PHARMAVITA
2017	Chile	38	2620	PRATER S.A.	2620	PRATER
2017	Chile	38	2621	RAFFO S.A.	2621	RAFFO
2017	Chile	38	2622	RECALCINE S. A.	2622	RECALCINE
2017	Chile	38	2623	RIDER Ltda.	2623	RIDER
2017	Chile	38	2624	ROCHE CHILE LTDA.	2624	ROCHE 
2017	Chile	38	2625	ROERIG S.A.	2625	ROERIG
2017	Chile	38	2626	ROYAL PHARMA	2626	ROYAL
2017	Chile	38	2627	SANDERSON S. A.	2627	SANDERSON 
2017	Chile	38	2628	SANOFI - AVENTIS DE CHILE S.A.	2628	SANOFI
2017	Chile	38	2629	SANOFI-PASTEUR S.A.	2628	SANOFI
2017	Chile	38	2630	SAVAL - NICOLICH	2630	SAVAL 
2017	Chile	38	2631	SAVAL S. A.	2630	SAVAL 
2017	Chile	38	2632	SILESIA S.A.	2632	SILESIA
2017	Chile	38	2633	SMB FARMA S. A.	2633	SMB
2017	Chile	38	2635	TECNOFARMA S. A.	2635	TECNOFARMA 
2017	Chile	38	2636	VALMA LTDA.	2636	VALMA
2017	Chile	38	2637	VOLTA S.A.	2637	VOLTA
2017	Chile	38	2641	WYETH CONSUMER HEALTHCARE CHILE	2641	WYETH
2017	Chile	38	2642	WYETH INC.	2641	WYETH
2018	Centroamerica	3	1273	ABBOTT	1273	ABBOTT
2018	Centroamerica	3	1274	ACROMAX DOMINICANA, S.A.	1274	ACROMAX
2018	Centroamerica	3	1277	ESTABLECIMIENTO ANCALMO S.A. DE C.V. HESSEL	1277	ANCALMO
2018	Centroamerica	3	1278	ASOFARMA, S.A. 	1278	ASOFARMA
2018	Centroamerica	3	1280	BAGÓ S.A. LABORATORIOS	1280	BAGÓ
2018	Centroamerica	3	1281	BAYER HEALTHCARE PHARMACEUTICALS	1281	BAYER
2018	Centroamerica	3	1282	BOEHRINGER INGELHEIM, S.A. DE C.V.	1282	BOEHRINGER
2018	Centroamerica	3	1283	CHEMINTER, S.A. LABORATORIOS	1283	CHEMINTER
2018	Centroamerica	3	1284	CHINOIN PRODUCTOS FARMACÉUTICOS S.A. DE C.V.	1284	CHINOIN
2018	Centroamerica	3	1286	COMBISA LABORATORIOS	1286	COMBISA 
2018	Centroamerica	3	1288	EISAI C0., LTDA.	1288	EISAI
2018	Centroamerica	3	1289	ELIPESA, C. POR A.	1289	ELIPESA
2018	Centroamerica	3	1291	FAES FARMA S.A.	1291	FAES FARMA 
2018	Centroamerica	3	1293	FERRER GRUPO	1293	FERRER 
2018	Centroamerica	3	1295	GALDERMA MÉXICO, S.A. DE C.V.	1295	GALDERMA
2018	Centroamerica	3	1296	GENFAR,  S.A.	1296	GENFAR
2018	Centroamerica	3	1298	GROSSMAN, S.A., LABORATORIOS	1298	GROSSMAN
2018	Centroamerica	3	1299	GRÜNENTHAL CENTROÁMERICA Y CARIBE	1299	GRÜNENTHAL
2018	Centroamerica	3	1300	INDUSTRIA FARMACÉUTICA DEL CARIBE S.A.	1300	INFACA
2018	Centroamerica	3	1302	JUSTE INTERNACIONAL, S.A.	1302	JUSTE
2018	Centroamerica	3	1303	LABORATORIOS BUSSIÉ S.A.	1303	BUSSIÉ 
2018	Centroamerica	3	1305	LABORATORIOS LIOMONT, S.A. DE C.V.	1305	LIOMONT
2018	Centroamerica	3	1307	LAPROFAR, C. POR A.	1307	LAPROFAR
2018	Centroamerica	3	1309	MAGNACHEM INTERNATIONAL, S.A.	1309	MAGNACHEM
2018	Centroamerica	3	1310	COMPAÑÍA FARMACÉUTICA MC	1310	MC
2018	Centroamerica	3	1313	MEDIPRODUCTS, LABORATORIOS	1313	MEDIPRODUCTS
2018	Centroamerica	3	1314	MENARINI CENTRO AMERICA Y EL CARIBE LABORATORIOS	1314	MENARINI
2018	Centroamerica	3	1315	ACINO PHARMA AG	1315	ACINO
2018	Centroamerica	3	1316	MSD	1316	MSD
2018	Centroamerica	3	1317	MERZ PHARMACEUTICALS GMBH SUBSIDIARIA MERZ PHARMA, S. A. DE C. V.	1317	MERZ
2018	Centroamerica	3	1318	MK MEDICAMENTOS/CORPORACION BONIMA S.A. DE C.V.	1318	MK
2018	Centroamerica	3	1320	NEWPORT PHARMACEUTICALS INTERNATIONAL INC.	1320	NEWPORT
2018	Centroamerica	3	1321	NORMON, S.A., LABORATORIOS	1321	NORMON
2018	Centroamerica	3	1323	TAKEDA MÉXICO S. A. DE C. V.	1323	TAKEDA
2018	Centroamerica	3	1324	PAILL, S.A. DE C.V., LABORATORIOS	1324	PAILL
2018	Centroamerica	3	1327	PROBIOMED, S.A. DE C.V.	1327	PROBIOMED
2018	Centroamerica	3	1328	PROCAPS, S.A.	1328	PROCAPS
2018	Centroamerica	3	1329	PRODUCTOS MEDIX, S.A. DE C.V.	1329	MEDIX
2018	Centroamerica	3	1331	RARPE, S.A., LABORATORIOS	1331	RARPE
2018	Centroamerica	3	1333	ROTTA PHARMACEUTICALS	1333	ROTTA
2018	Centroamerica	3	1334	ROWA PHARMACEUTICALS LTD.	1334	ROWA
2018	Centroamerica	3	1340	SENOSIAIN, S.A. DE C.V. LABORATORIOS	1340	SENOSIAIN
2018	Centroamerica	3	1341	SILANES, S.A. DE C.V. LABORATORIOS	1341	SILANES
2018	Centroamerica	3	1344	SUIPHAR DOMINICANA S.R.L.	1344	SUIPHAR 
2018	Centroamerica	3	1347	VALEANT FARMACÉUTICA, S.A. DE C.V.	1347	VALEANT
2018	Centroamerica	3	1348	VIFOR (INTERNATIONAL) INC.	1348	VIFOR
2018	Centroamerica	3	1349	VIJOSA, S.A. DE C.V., LABORATORIOS 	1349	VIJOSA
2018	Centroamerica	3	1352	LABORATORIOS PIERSAN	1352	PIERSAN
2018	Centroamerica	3	1370	LABORATORIOS SUIZOS, S. A. DE C. V.	1370	LABORATORIOS SUIZOS
2018	Centroamerica	3	1372	MERCK, S. A.	1372	MERCK
2018	Centroamerica	3	1373	PFIZER, S. A.	1373	PFIZER
2018	Centroamerica	3	1380	LABORATORIOS RAMOS, S.A.	1380	RAMOS
2018	Centroamerica	3	1381	SANOFI	1337	SANOFI
2018	Centroamerica	3	1382	GSK PHARMACEUTICALS CR S.A.	1382	GSK
2018	Centroamerica	3	1383	MORE PHARMA CORPORATION	1383	MORE PHARMA
2018	Centroamerica	3	1385	LABORATORIOS CALOX, C.A	1385	CALOX
2018	Centroamerica	3	1386	LABORATORIOS LA SANTE	1386	LA SANTÉ
2018	Centroamerica	3	1402	VITALIS	1402	VITALIS
2018	Centroamerica	3	2492	TECNOQUIMICAS	2492	TECNOQUÍMICAS 
2018	Centroamerica	3	2498	FARMANDINA	2498	FARMANDINA
2018	Centroamerica	3	2527	GRUPO UNIPHARM	2527	UNIPHARM
2018	Centroamerica	3	2660	ROEMMERS CENTROAMERICA	2660	ROEMMERS
2018	Centroamerica	3	2671	LABORATORIOS ROWE, S.R.L.	2671	ROWE
2018	Centroamerica	3	2756	PERATRI, S.R.L.	2756	PERATRI
2018	Centroamerica	3	2760	BIAL AMERICA LATINA S. A.	2760	BIAL
2018	Centroamerica	3	2764	LABORATORIOS BONIN, S.A.	2764	BONIN
2018	Centroamerica	3	2777	ETHICAL	2777	ETHICAL
2018	Centroamerica	3	2778	CORPORACIÓN DONOVAN WERKE INTERNATIONAL	2778	DONOVAN WERKE
2018	Centroamerica	3	2779	LABORATORIO QUÍMICO FARMACÉUTICO LANCASCO	2779	LANCASCO
2018	Centroamerica	3	2790	JANSSEN - CILAG, S.A.	2790	JANSSEN
2018	Centroamerica	3	2803	NOVO NORDISK PANAMÁ, S. A.	2803	NOVO NORDISK
2018	Centroamerica	3	2804	LABORATORIOS FÓRMULAS FARMACÉUTICAS S.A.	2804	LAFOFA
2018	Centroamerica	3	2805	BDF	2805	BDF
2018	Centroamerica	3	2830	LABORATORIOS ECAR S.A.	2830	ECAR
2018	Colombia	4	196	ABBOTT LABORATORIES DE COLOMBIA, S.A.	196	ABBOTT
2018	Colombia	4	199	ALLERGAN DE COLOMBIA, S.A.	199	ALLERGAN
2018	Colombia	4	202	ANGLOPHARMA, S.A.	202	ANGLOPHARMA
2018	Colombia	4	205	ASTRAZENECA COLOMBIA S.A.	205	ASTRAZENECA
2018	Colombia	4	207	BAGO	207	BAGÓ
2018	Colombia	4	208	BAWISS - COMPAÑIA BAWISS LTDA.	208	BAWISS
2018	Colombia	4	210	BAYER	210	BAYER
2018	Colombia	4	211	BDF	211	BDF
2018	Colombia	4	218	BIOQUIFAR FARMACÉUTICA S.A.	218	BIOQUIFAR 
2018	Colombia	4	219	BIOTOSCANA	219	BIOTOSCANA
2018	Colombia	4	220	BLASKOV	220	BLASKOV
2018	Colombia	4	221	BOEHRINGER INGELHEIM S.A.	221	BOEHRINGER
2018	Colombia	4	222	BRISTOL-MYERS SQUIBB DE COLOMBIA, S.A.	222	BRISTOL-MYERS SQUIBB
2018	Colombia	4	223	BUSSIE	223	BUSSIÉ 
2018	Colombia	4	228	CHALVER	228	CHALVER
2018	Colombia	4	229	CLARIS LIFESCIENCES COLOMBIA 	229	CLARIS LIFESCIENCES 
2018	Colombia	4	230	CLOSTER PHARMA	230	CLOSTER PHARMA
2018	Colombia	4	231	COMERCIAL MEDICA, LTDA.	231	COMERCIAL MÉDICA
2018	Colombia	4	235	DRUGTECH	235	DRUGTECH
2018	Colombia	4	236	ECAR	236	ECAR
2018	Colombia	4	239	ETYC	239	ETYC
2018	Colombia	4	240	EURODRUG LABORATORIES	240	EURODRUG
2018	Colombia	4	241	EUROETIKA, LTDA.	241	EUROETIKA
2018	Colombia	4	242	TAKEDA S.A.S.	242	TAKEDA
2018	Colombia	4	244	FARMALOGICA S.A.	244	FARMALOGICA
2018	Colombia	4	245	FARMASER, S.A.	245	FARMASER
2018	Colombia	4	252	GARMISCH PHARMACEUTICAL S.A.	252	GARMISCH
2018	Colombia	4	253	GENFAR	253	GENFAR
2018	Colombia	4	255	GLAXOSMITHKLINE	255	GSK
2018	Colombia	4	257	GRUNENTHAL COLOMBIANA	257	GRÜNENTHAL
2018	Colombia	4	258	FARMA DE COLOMBIA S. A.	258	FARMA DE COLOMBIA
2018	Colombia	4	261	GYNOPHARM, S.A.	261	GYNOPHARM
2018	Colombia	4	262	HEEL COLOMBIA LTDA.	262	HEEL 
2018	Colombia	4	265	INCOBRA	265	INCOBRA
2018	Colombia	4	267	JANSSEN - CILAG, S.A.	267	JANSSEN
2018	Colombia	4	269	JOHNSON & JOHNSON DE COLOMBIA S.A.	269	JOHNSON & JOHNSON
2018	Colombia	4	272	LA SANTE	272	LA SANTÉ
2018	Colombia	4	274	LABORATORIO INTERNACIONAL DE COLOMBIA, S.A.	274	LABINCO
2018	Colombia	4	275	LABORATORIOS ALCON DE COLOMBIA S.A.	275	ALCON 
2018	Colombia	4	276	LABORATORIOS DELTA	276	DELTA
2018	Colombia	4	277	GALENO	277	GALENO
2018	Colombia	4	281	LABORATORIOS RYAN DE COLOMBIA, S. EN C.	281	RYAN
2018	Colombia	4	283	LACICO	283	LACICO
2018	Colombia	4	284	LAFRANCOL S.A.S.	284	LAFRANCOL
2018	Colombia	4	287	LICOL S.A.S.	287	LICOL
2018	Colombia	4	293	MERCK SHARP & DOHME	293	MSD
2018	Colombia	4	297	MK (TECNOQUÍMICAS)	297	TECNOQUÍMICAS
2018	Colombia	4	298	NEO	298	NEO
2018	Colombia	4	303	NOVAMED, S.A.	303	NOVAMED
2018	Colombia	4	304	NOVARTIS DE COLOMBIA, S.A. - FARMA	304	NOVARTIS
2018	Colombia	4	305	NOVARTIS DE COLOMBIA, S.A. - OTC	304	NOVARTIS
2018	Colombia	4	307	OFTALMOQUÍMICA, S.A.	307	OFTALMOQUÍMICA
2018	Colombia	4	308	LABORATORIOS OPHARM, LTDA	308	OPHARM
2018	Colombia	4	311	PAULY	311	PAULY
2018	Colombia	4	313	PFIZER	313	PFIZER
2018	Colombia	4	315	PISA	315	PISA
2018	Colombia	4	320	PROCAPS	320	PROCAPS
2018	Colombia	4	323	QUIDECA, S.A.	2765	QUIDECA
2018	Colombia	4	324	QUIFARMACOS	324	QUIFARMACOS
2018	Colombia	4	325	QUIFARMED, LTDA.	325	QUIFARMED
2018	Colombia	4	327	RECIPE	327	RECIPE
2018	Colombia	4	329	REMO	329	REMO
2018	Colombia	4	330	ROCHE, S.A.	330	ROCHE 
2018	Colombia	4	331	ROEMMERS	331	ROEMMERS
2018	Colombia	4	332	SANDOZ	332	SANDOZ
2018	Colombia	4	333	SANOFI PASTEUR S.A.	333	SANOFI
2018	Colombia	4	334	SANOFI-AVENTIS DE COLOMBIA, S.A.	333	SANOFI
2018	Colombia	4	341	SOPHIA	341	SOPHIA
2018	Colombia	4	343	STIEFEL	343	STIEFEL
2018	Colombia	4	344	SUIPHAR DE COLOMBIA, S.A.	344	SUIPHAR 
2018	Colombia	4	345	SYNTHESIS	345	SYNTHESIS
2018	Colombia	4	346	SYNTHESIS - BOIRON	345	SYNTHESIS
2018	Colombia	4	347	TECNOFARMA	347	TECNOFARMA 
2018	Colombia	4	348	TECNOQUIMICAS	348	TECNOQUÍMICAS 
2018	Colombia	4	352	VITALCHEM LABORATORIES DE COLOMBIA LTDA.	352	VITALCHEM 
2018	Colombia	4	353	VITALIS S. A. C. I.	353	VITALIS
2018	Colombia	4	356	WINTHROP PHARMACEUTICALS	356	WINTHROP 
2018	Colombia	4	359	ZAMBON	359	ZAMBON
2018	Colombia	4	1201	BCN MEDICAL	1201	BCN MEDICAL
2018	Colombia	4	1377	LABORATORIOS SIEGFRIED	1377	SIEGFRIED
2018	Colombia	4	1384	ABL PHARMA COLOMBIA S.A.	1384	ABL PHARMA 
2018	Colombia	4	1387	HUMAX PHARMACEUTICAL S.A.	1387	HUMAX
2018	Colombia	4	1388	SICMAFARMA S.A.S.	1388	SICMAFARMA
2018	Colombia	4	1389	BLAU FARMACÉUTICA COLOMBIA S.A.S	1389	BLAU
2018	Colombia	4	2412	RECKITT BENCKISER	2412	RECKITT BENCKISER
2018	Colombia	4	2413	LABORATORIOS BIOPAS S.A.	2413	BIOPAS
2018	Colombia	4	2414	DATA PHARMACEUTICAL SERVICES S.A.S.	2414	DATA PHARMACEUTICAL SERVICES
2018	Colombia	4	2454	POEN	2454	POEN
2018	Colombia	4	2455	MEDIHEALTH	2455	MEDIHEALTH
2018	Colombia	4	2546	COLMED	2546	COLMED
2018	Colombia	4	2547	MEDLEY	2547	MEDLEY
2018	Colombia	4	2649	DERMOETIKA SAS	2649	DERMOETIKA
2018	Colombia	4	2652	ABBVIE	2652	ABBVIE
2018	Colombia	4	2658	GENZYME	2658	GENZYME
2018	Colombia	4	2661	MUNDIPHARMA COLOMBIA S.A.S	2661	MUNDIPHARMA
2018	Colombia	4	2662	LUNDBECK COLOMBIA	2662	LUNDBECK
2018	Colombia	4	2663	NOVONORDISK	2663	NOVO NORDISK
2018	Colombia	4	2673	USANA HEALTH SCIENCES COLOMBIA, SAS	2673	USANA
2018	Colombia	4	2674	PROCLIN PHARMA S. A.	2674	PROCLIN PHARMA
2018	Colombia	4	2678	GRUINFACOL S.A.	2678	GRUINFACOL
2018	Colombia	4	2753	ANESPA FARMACEUTICA EU	2753	ANESPA FARMACEUTICA EU
2018	Colombia	4	2754	LABORATORIOS GARDEN HOUSE COLOMBIA	2754	GARDEN HOUSE
2018	Colombia	4	2758	AVALON PHARMACEUTICAL	2758	AVALON PHARMACEUTICAL
2018	Colombia	4	2759	BIOTECH PHARMA LTDA	2759	BIOTECH PHARMA
2018	Colombia	4	2761	VICAR FARMACEUTICA S.A.	2761	VICAR
2018	Colombia	4	2763	GLOBAL INTERNATIONAL MEDICINE	2763	GIMED
2018	Colombia	4	2766	QUIDECA – GILBER	2765	QUIDECA
2018	Colombia	4	2767	QUIDECA – THEA	2765	QUIDECA
2018	Colombia	4	2769	QUIDECA – ROCHE	2765	QUIDECA
2018	Colombia	4	2770	QUIDECA – OM PHARMA	2765	QUIDECA
2018	Colombia	4	2780	EUROFARMA COLOMBIA	2780	EUROFARMA
2018	Colombia	4	2781	FIAC FARMACEUTICA S.A.	2781	FIAC
2018	Colombia	4	2784	CALIER FARMACÉUTICA DE COLOMBIA S.A.	2784	CALIER
2018	Colombia	4	2785	PROFMA S.A.S	2785	PROFMA
2018	Colombia	4	2801	GEDEON RICHTER COLOMBIA	2801	GEDEON RICHTER
2018	Colombia	4	2802	LAPROFF	2802	LAPROFF
2018	Colombia	4	2812	HB HUMAN BIOSCIENCE	2812	HB HUMAN
2018	Colombia	4	2814	MENARINI COLOMBIA	2814	MENARINI
2018	Colombia	4	2815	PHARMAPRIX COLOMBIA	2815	PHARMAPRIX
2018	Colombia	4	2816	LIMINAL THERAPEUTICS S.A.S	2816	LIMINAL
2018	Colombia	4	2818	GRUPO FARMACEUTICO CRONOMED S.A.S.	2818	CRONOMED
2018	Colombia	4	2819	QUIDECA – AH-ROBINS	2765	QUIDECA
2018	Colombia	4	2827	SANKI-S&M NANO-BIOTECHNOLOGY, S. A. de C. V.	2827	SANKI
2018	Colombia	4	2829	ALTADIS FARMACEUTICA S.A.S.	2829	ALTADIS
2018	Colombia	4	2831	SEVEN PHARMA	2831	SEVEN PHARMA
2018	Colombia	4	2832	PHARMAGYNE S.A.S	2832	PHARMAGYNE
2018	Ecuador	6	1047	ABBOTT LABORATORIOS DEL ECUADOR CIA.  LTDA.	1047	ABBOTT
2018	Ecuador	6	1048	ACROMAX	1048	ACROMAX
2018	Ecuador	6	1052	BALIARDA S.A.	1052	BALIARDA 
2018	Ecuador	6	1053	BASELPHARMA	1053	BASELPHARMA
2018	Ecuador	6	1056	BAYER	1056	BAYER
2018	Ecuador	6	1058	BEIERSDORF  S. A.	1057	BDF
2018	Ecuador	6	1060	BIOGENET	1060	BIOGENET
2018	Ecuador	6	1061	BIOINDUSTRIA	1061	BIOINDUSTRIA
2018	Ecuador	6	1064	LABORATORIOS BIOPAS S.A.	1064	BIOPAS
2018	Ecuador	6	1067	CHALVER LABORATORIOS	1067	CHALVER
2018	Ecuador	6	1069	CHEFAR	1069	CHEFAR
2018	Ecuador	6	1070	CIFSA	1070	CIFSA
2018	Ecuador	6	1071	COMERCIOSA S. A.	1071	COMERCIOSA
2018	Ecuador	6	1076	ECU. LABORATORIOS	1076	LABORATORIOS ECU
2018	Ecuador	6	1077	ECUAQUÍMICA	1077	ECUAQUÍMICA
2018	Ecuador	6	1081	GALIAFARM S.A.	1081	GALIAFARM 
2018	Ecuador	6	1082	GENAMÉRICA S. A.	1082	GENAMÉRICA 
2018	Ecuador	6	1083	GENETIKA PHARMA	1083	GENETIKA PHARMA
2018	Ecuador	6	1084	GENFAR  S.A.	1084	GENFAR
2018	Ecuador	6	1085	GLAXOSMITHKLINE 	1085	GSK
2018	Ecuador	6	1086	GRÜNENTHAL ECUATORIANA, C. LTDA.	1086	GRÜNENTHAL
2018	Ecuador	6	1087	GRUPO FARMA DEL ECUADOR, S. A.	1087	GRUPOFARMA DEL ECUADOR
2018	Ecuador	6	1088	GRUPO HOSPIMEDIKKA INFAREC	1088	HOSPIMEDIKKA
2018	Ecuador	6	1089	GUTIS  FARMACÉUTICA	1089	GUTIS  
2018	Ecuador	6	1090	H. G., C. A. LABORATORIOS	1090	LABORATORIOS H.G.
2018	Ecuador	6	1092	INDUNIDAS, LABORATORIOS	1092	INDUNIDAS
2018	Ecuador	6	1093	INFABI	1093	INFABI
2018	Ecuador	6	1095	INTERPHARM DEL ECUADOR, S. A.	1095	INTERPHARM 
2018	Ecuador	6	1096	ITALCHEM	1096	ITALCHEM
2018	Ecuador	6	1097	ITALPHARMA	1097	ITALPHARMA
2018	Ecuador	6	1098	JANSSEN  CILAG	1098	JANSSEN
2018	Ecuador	6	1100	JULPHARMA, S. A.	1100	JULPHARMA
2018	Ecuador	6	1102	LABORATORIOS BAGÓ DEL ECUADOR, S. A.	1102	BAGÓ
2018	Ecuador	6	1103	LABORATORIOS BUSSIÉ S.A.	1103	BUSSIÉ 
2018	Ecuador	6	1106	LABORATORIOS LAZAR ECUADOR S. A.	1106	LAZAR
2018	Ecuador	6	1107	LABORATORIOS MK	1107	MK
2018	Ecuador	6	1110	LABORATORIOS ROCNARF, S. A.	1110	ROCNARF
2018	Ecuador	6	1111	LAMOSAN CÍA., LTDA.	1111	LAMOSAN
2018	Ecuador	6	1114	LIFE	1114	LIFE
2018	Ecuador	6	1116	MEDICAMENTA  ECUATORIANA	1116	MEDICAMENTA  ECUATORIANA
2018	Ecuador	6	1118	MENARINI INTERNACIONAL	1118	MENARINI
2018	Ecuador	6	1119	ACINO	1119	ACINO
2018	Ecuador	6	1120	MERCK ECUADOR C. A.	1120	MERCK
2018	Ecuador	6	1121	MERCK SHARP & DOHME	1121	MSD
2018	Ecuador	6	1124	NEO-FÁRMACO DEL ECUADOR	1124	NEOFARMACO
2018	Ecuador	6	1125	NESTLÉ	1125	NESTLÉ
2018	Ecuador	6	1130	NOVARTIS, ECUADOR, S. A.	1130	NOVARTIS
2018	Ecuador	6	1134	PFIZER, CIA. LTDA.	1134	PFIZER
2018	Ecuador	6	1136	PHARMABRAND S.A.	1136	PHARMABRAND 
2018	Ecuador	6	1138	PROVENCO CÍA. LTDA.	1138	PROVENCO
2018	Ecuador	6	1140	QUÍMICA ARISTON ECUADOR, C. LTDA	1140	QUÍMICA ARISTON
2018	Ecuador	6	1142	CORPORACIÓN FARMACÉUTICA RECALCINE	1142	RECALCINE
2018	Ecuador	6	1143	ROCHE ECUADOR, S.A.	1143	ROCHE 
2018	Ecuador	6	1144	RODDOME PHARMACEUTICAL, S. A.	1144	RODDOME 
2018	Ecuador	6	1145	ROEMMERS, S. A.	1145	ROEMMERS
2018	Ecuador	6	1146	ROWE LABORATORIOS	1146	ROWE
2018	Ecuador	6	1148	SANOFI - AVENTIS	1148	SANOFI
2018	Ecuador	6	1154	LABORATORIO SUIPHAR DEL ECUADOR S.A.	1154	SUIPHAR 
2018	Ecuador	6	1155	TULIPANESA S. A.	1155	TULIPANESA 
2018	Ecuador	6	1161	ZAMBON GROUP	1161	ZAMBON
2018	Ecuador	6	1163	BOEHRINGER INGELHEIM DEL ECUADOR, CÍA. LTDA.	1163	BOEHRINGER
2018	Ecuador	6	1164	EUROSTAGA S.A.	1164	EUROSTAGA 
2018	Ecuador	6	1165	GALENO-ECUADOR CÍA LTDA	1165	GALENO
2018	Ecuador	6	1167	LAFRANCOL S.A.	1167	LAFRANCOL
2018	Ecuador	6	1168	PROPHAR S.A.	1168	PROPHAR
2018	Ecuador	6	1170	SAVAL S.A.	1170	SAVAL 
2018	Ecuador	6	1171	TECNOQUÍMICAS S.A.	1171	TECNOQUÍMICAS 
2018	Ecuador	6	1176	CHILE	1176	LABORATORIOS CHILE
2018	Ecuador	6	1190	LABORATORIOS TOFIS	1190	TOFIS
2018	Ecuador	6	1197	GENÉRICOS NACIONALES GENA S.A.	1197	GENA
2018	Ecuador	6	1360	LABORATORIOS SIEGFRIED	1360	SIEGFRIED
2018	Ecuador	6	1375	NATURAL VITALITY	1375	NATURAL VITALITY
2018	Ecuador	6	2344	TESIA	2344	TESIA
2018	Ecuador	6	2346	LABORATORIOS GM	2346	GM
2018	Ecuador	6	2347	BIOTOSCANA	2347	BIOTOSCANA
2018	Ecuador	6	2348	MEAD JOHNSON	1115	MEAD JOHNSON
2018	Ecuador	6	2511	MEDIFARMA	2511	MEDIFARMA
2018	Ecuador	6	2513	F.J.P. FAJAPRO COMERCIO Y REPRESENTACIONES CÍA. LTDA	2513	FAJAPRO
2018	Ecuador	6	2644	ALEXXIAPHARMA S.A.	2644	ALEXXIAPHARMA
2018	Ecuador	6	2645	TAKEDA ECUADOR CÍA.LTDA.	2645	TAKEDA
2018	Ecuador	6	2647	SANDOZ	2647	SANDOZ
2018	Ecuador	6	2656	UNIPHARM DEL ECUADOR S. A.	2656	UNIPHARM 
2018	Ecuador	6	2677	GEDEON RICHTER ECUADOR S.A.	2677	GEDEON RICHTER
2018	Ecuador	6	2752	LIRA	2752	LIRA
2018	Ecuador	6	2786	ASPEN	2786	ASPEN
2018	Ecuador	6	2797	OXIALFARM CÍA. LTDA.	2797	OXIALFARM
2018	Ecuador	6	2807	LÍNEA CORPORATIVA FPC	2807	LÍNEA CORPORATIVA FPC
2018	Ecuador	6	2808	LABORATORIOS SANFER S.A.	2808	SANFER
2018	Ecuador	6	2809	EUROFARMA	2809	EUROFARMA
2018	Ecuador	6	2811	LABORATORIO PASTEUR	2811	PASTEUR
2018	Ecuador	6	2813	LABORATORIOS STEIN S.A.	2813	STEIN
2018	México	11	1	3M MÉXICO, S.A. DE C.V.	1	3 M
2018	México	11	2	A.F. LABORATORIOS APLICACIONES FARMACÉUTICAS, S.A. DE C.V.	2	APLICACIONES FARMACÉUTICAS
2018	México	11	3	ABBOTT LABORATORIES DE MÉXICO, S.A. DE C.V.	3	ABBOTT
2018	México	11	4	ALCON LABORATORIOS, S.A. DE C.V.	4	ALCON 
2018	México	11	5	ALLERGAN, S.A. DE C.V.	5	ALLERGAN
2018	México	11	6	ALMIRALL DE MÉXICO, S.A. DE C.V.	6	ALMIRALL-PRODESFARMA
2018	México	11	7	ALPHARMA, S.A. DE C.V., LABORATORIOS	7	ALPHARMA
2018	México	11	9	ALVARTIS PHARMA, S.A. DE C.V.	9	ALVARTIS 
2018	México	11	10	ANTIBIÓTICOS DE MÉXICO, S.A. DE C.V.	10	AMSA
2018	México	11	11	ANCHOR FARMA, S.A. DE C.V.	11	ANCHOR FARMA
2018	México	11	12	ARMSTRONG LABORATORIOS DE MÉXICO, S.A. DE C.V.	12	ARMSTRONG
2018	México	11	13	ASOFARMA DE MÉXICO, S.A. DE C.V.	13	ASOFARMA
2018	México	11	14	ASPID, S.A. DE C.V.	14	ASPID
2018	México	11	15	ASTRAZENECA, S.A. DE C.V.	15	ASTRAZENECA
2018	México	11	16	ATLANTIS, S.A. DE C.V.	16	ATLANTIS
2018	México	11	20	BAUSCH & LOMB MÉXICO, S.A. DE C.V.	20	BAUSCH & LOMB
2018	México	11	21	BAYER SCHERING PHARMA (DIVISIÓN CONSUMER CARE)	22	BAYER
2018	México	11	22	BAYER DE MEXICO	22	BAYER
2018	México	11	24	BIOFARMA NATURAL CMD, S.A. DE C.V.	24	BIOFARMA
2018	México	11	25	BIOMEP, S.A. DE C.V.	25	BIOMEP
2018	México	11	26	BIOPHARMEX, S.A. DE C.V	26	BIOPHARMEX
2018	México	11	27	BÍOX DE MÉXICO, S.A. DE C.V.	1015	BIOX
2018	México	11	28	BOEHRINGER INGELHEIM MÉXICO, S.A. DE C.V.	2332	BOEHRINGER
2018	México	11	29	BOEHRINGER INGELHEIM MÉXICO, S.A. DE C.V. PRODUCTOS DE AUTOMEDICACIÓN	2332	BOEHRINGER
2018	México	11	30	BOMUCA, S.A. DE C.V	30	BOMUCA
2018	México	11	31	BRISTOL-MYERS SQUIBB DE MÉXICO, S. DE R.L. DE C.V.	31	BRISTOL-MYERS SQUIBB
2018	México	11	32	BRULUAGSA, S.A. DE C.V.	32	BRULUAGSA
2018	México	11	33	BUSTILLOS, S.A. DE C.V., LABORATORIOS	33	BUSTILLOS
2018	México	11	35	CARNOT LABORATORIOS, PRODUCTOS CIENTÍFICOS, S.A. DE C.V.	35	CARNOT
2018	México	11	36	CHINOIN, PRODUCTOS FARMACÉUTICOS, S.A. DE C.V.	36	CHINOIN
2018	México	11	38	COLUMBIA, S.A. DE C.V. LABORATORIOS	38	COLUMBIA
2018	México	11	41	COMPAÑIA INTERNACIONAL DE COMERCIO, S.A. DE .C.V.	41	COMPAÑIA INTERNACIONAL DE COMERCIO
2018	México	11	42	CONCORDIA, S.A. DE C.V., LABORATORIOS	42	CONCORDIA
2018	México	11	44	CORNE, S.A. DE C.V., LABORATORIOS	2686	CORNE
2018	México	11	45	CRYOPHARMA, S.A. DE C.V., LABORATORIOS	45	CRYOPHARMA 
2018	México	11	46	DEGORT’S CHEMICAL, S.A. DE C.V.	46	DEGORT´S
2018	México	11	47	DELICIAS S.A. DE C.V., PRODUCTOS ALIMENTICIOS	47	PADSA
2018	México	11	48	DERMATOLÓGICOS DARIER, S.A. DE C.V., LABORATORIOS	48	DARIER
2018	México	11	49	DIBA, S.A., LABORATORIOS	49	DIBA
2018	México	11	50	ELI LILLY Y COMPAÑÍA DE MÉXICO, S.A. DE C.V.	50	ELI LILLY
2018	México	11	51	ESPECÍFICOS STENDHAL, S.A. DE C.V.	51	STENDHAL
2018	México	11	52	EURODRUG LABORATORIES	52	EUROLAB
2018	México	11	56	FARMASA, S.A. DE C.V., LABORATORIOS	56	FARMASA
2018	México	11	57	FEDELE, S.A. DE C.V.	57	FEDELE
2018	México	11	58	FERRING S.A DE C.V	58	FERRING
2018	México	11	59	FRESENIUS KABI MÉXICO, S.A. DE C.V., LABORATORIOS	59	FRESENIUS
2018	México	11	60	GALDERMA MÉXICO, S.A. DE C.V.	60	GALDERMA
2018	México	11	61	GELCAPS EXPORTADORA DE MÉXICO, S.A. DE C.V.	2730	PERRIGO
2018	México	11	63	GENOMMA LABORATORIES DE MÉXICO, S.A. DE C.V.	63	GENOMMA
2018	México	11	64	GLAXOSMITHKLINE MÉXICO, S.A. DE C.V.	64	GSK
2018	México	11	65	GLAXOSMITHKLINE MÉXICO, S.A. DE C.V. (CONSUMO)	64	GSK
2018	México	11	66	GROSSMAN, S.A., LABORATORIOS	66	GROSSMAN
2018	México	11	67	GRÜNENTHAL DE MÉXICO, S.A. DE C.V.	67	GRÜNENTHAL
2018	México	11	70	HORMONA, S.A. DE C.V., LABORATORIOS	70	HORMONA
2018	México	11	71	HOSPIRA, S. DE R. L. DE C. V.	2702	HOSPIRA
2018	México	11	73	IMPORTADORA Y MANUFACTURERA BRULUART, S.A.	73	BRULUART
2018	México	11	74	ANDRÓMACO, INDUSTRIA FARMACÉUTICA S.A. DE C.V.	74	ANDRÓMACO
2018	México	11	75	INDUSTRIAS QUÍMICO FARMACÉUTICAS AMERICANAS, S.A. DE C.V.	75	IQFA
2018	México	11	76	INDUSTRIAS QUÍMICO FARMACEUTICAS AMERICANAS,S.A. DEC.V. 	75	IQFA
2018	México	11	77	INDUSTRIAS SUANCA, S.A. DE C.V.	77	SUANCA
2018	México	11	79	INSTITUTO BIOCLON, S.A. DE C.V.	79	BIOCLON
2018	México	11	80	INTENDIS MEXICANA, S.A. DE C.V.	80	INTENDIS 
2018	México	11	81	INVESTIGACIÓN FARMACÉUTICA, S.A. DE C.V.	81	IFA CELTICS
2018	México	11	83	ITALMEX, S.A.	83	ITALMEX
2018	México	11	84	JANSSEN-CILAG, S.A. DE C.V.	84	JANSSEN
2018	México	11	85	LA ROCHE-POSAY LABORATOIRE PHARMACEUTIQUE	2509	LA ROCHE - POSAY
2018	México	11	86	MÉDICO QUÍMICO BIOLÓGICO, S.A. DE C.V., LABORATORIO	86	BIOQUIMED
2018	México	11	88	LABORATORIOS GRIN, S.A. DE C.V.	88	GRIN
2018	México	11	89	LABORATORIOS GRISI GRISI HNOS. S.A. DE C.V.	89	GRISI
2018	México	11	90	KENDRICK, S.A., LABORATORIOS	90	KENDRICK
2018	México	11	91	KENER, S.A. DE C.V., LABORATORIOS	91	KENER
2018	México	11	92	MAYOLY-SPINDLER DE MÉXICO, S.A. DE C.V.	92	MAYOLY
2018	México	11	95	SERVIER MÉXICO, S.A. DE C.V., LABORATORIOS	95	SERVIER
2018	México	11	96	SIFI DE MÉXICO S.A DE C.V., LABORATORIOS	96	SIFI
2018	México	11	98	LAKESIDE, S.A. DE C.V.	2719	LAKESIDE
2018	México	11	99	LANDSTEINER SCIENTIFIC, S.A. DE C.V.	99	LANDSTEINER 
2018	México	11	100	LEMERY, S.A. DE C.V.	100	LEMERY
2018	México	11	101	LEO PHARMACEUTICAL S.DE R.L. DE C.V.	101	LEOPHARMA
2018	México	11	102	LIFERPAL MD, S.A. DE C.V.	102	LIFERPAL
2018	México	11	103	LIOMONT, S.A. DE C.V., LABORATORIOS	103	LIOMONT
2018	México	11	104	LOEFFLER, S.A. DE C.V.	104	LOEFFLER
2018	México	11	105	LUNDBECK MÉXICO, S.A. DE C.V.	105	LUNDBECK
2018	México	11	106	MANUELL, S.A., LABORATORIOS	106	MANUELL
2018	México	11	107	MAVER, S.A. DE C.V., PRODUCTOS	107	MAVER
2018	México	11	108	MAVI FARMACÉUTICA, S.A. DE C.V.	108	MAVI
2018	México	11	111	MEDIHEALTH DIVISIÓN DERMATOLOGÍA DE SIEGFRIED RHEIN, S. A. DE C. V.	111	MEDIHEALTH
2018	México	11	114	MERCK SHARP & DOHME DE MÉXICO, S.A. DE C.V.	114	MSD
2018	México	11	115	MERCK, S.A. DE C.V.	115	MERCK
2018	México	11	116	MERZ-PHARMA, S.A. DE C.V.	116	MERZ
2018	México	11	117	OCULUS TECHNOLOGIES OF MEXICO, S.A. DE C.V.	117	OCULUS
2018	México	11	118	MORE PHARMA CORPORATION, S. DE R.L. DE C.V.	118	MORE PHARMA
2018	México	11	119	NAFAR, S.A.	119	NAFAR
2018	México	11	120	NESTLÉ MÉXICO, S.A. DE C.V.	120	NESTLÉ
2018	México	11	121	NOVAG INFANCIA, S.A. DE C.V.	121	NOVAG
2018	México	11	122	NOVARTIS FARMACÉUTICA, S.A. DE C.V.	122	NOVARTIS
2018	México	11	123	NOVO NORDISK MÉXICO	123	NOVO NORDISK
2018	México	11	124	NOVUM-PHARMA, S.A. DE C.V.	124	NOVUM-PHARMA
2018	México	11	125	NUCITEC, S.A. DE C.V.	125	NUCITEC
2018	México	11	126	NYCOMED, S.A. DE C.V.	126	NYCOMED
2018	México	11	127	OCTAPHARMA, S.A. DE C.V.	127	OCTAPHARMA
2018	México	11	128	ORGANON MEXICANA, S.A. DE C.V.	128	ORGANON
2018	México	11	131	PFIZER, S.A. DE C.V.	130	PFIZER
2018	México	11	132	PHARMACOS EXAKTA, S.A. DE C.V.	132	EXAKTA
2018	México	11	133	PIERRE FABRE MÉXICO, S.A. DE C.V.	133	PIERRE FABRE
2018	México	11	134	PISA, S.A. DE C.V., LABORATORIOS	134	PISA
2018	México	11	135	PIZZARD, S.A. DE C.V., LABORATORIOS	135	PIZZARD
2018	México	11	136	PROBIOMED, S.A. DE C.V.	136	PROBIOMED
2018	México	11	138	PRODUCTOS FARMACÉUTICOS COLLINS, S.A. DE C.V.	138	COLLINS
2018	México	11	139	PRODUCTOS MEDIX, S.A. DE C.V.	139	MEDIX
2018	México	11	140	PRODUCTOS MEDIX, S.A. DE C.V.	139	MEDIX
2018	México	11	143	PSICOFARMA, S.A. DE C.V.	143	PSICOFARMA
2018	México	11	145	QUIMICA SON´S, S.A. DE C.V., LABORATORIOS 	145	QUÍMICA SON´S
2018	México	11	146	QUÍMICA Y FARMACIA, S.A. DE C.V.	146	QUÍMICA Y FARMACIA
2018	México	11	148	RANDALL LABORATORIOS, S.A. DE C.V.	148	RANDALL 
2018	México	11	149	RAYERE, S.A., FARMACÉUTICOS	149	RAYERE
2018	México	11	151	REPRESENTACIONES E INVESTIGACIONES MÉDICAS, S.A. DE C.V.	151	RIMSA
2018	México	11	152	REPRESENTACIONES MEX-AMÉRICA, S.A. DE C.V.	150	REMEXA
2018	México	11	154	ROCHE, S.A. DE C.V., PRODUCTOS DIVISIÓN FARMACÉUTICA	153	ROCHE 
2018	México	11	155	ROMSA DE MÉXICO, S.A. DE C.V.	155	ROMSA 
2018	México	11	157	SALUD NATURAL MEXICANA, S.A. DE.  C.V.	157	SALUD NATURAL 
2018	México	11	158	SALUS, S.A. DE C.V., LABORATORIOS	158	SALUS
2018	México	11	159	SANDOZ, S.A. DE C.V.	159	SANDOZ
2018	México	11	160	SANFER, S.A. DE C.V., LABORATORIOS	160	SANFER
2018	México	11	161	SANOFI PASTEUR, S.A. DE C.V.	161	SANOFI
2018	México	11	162	SANOFI-AVENTIS DE MÉXICO, S.A. DE C.V.	161	SANOFI
2018	México	11	164	SBL PHARMACEUTICALS, S. DE R.L. DE C.V.	164	SBL 
2018	México	11	166	SCHERING-PLOUGH, S.A. DE C.V.	165	SCHERING-PLOUGH
2018	México	11	168	SENOSIAIN, S.A. DE C.V., LABORATORIOS	168	SENOSIAIN
2018	México	11	169	SERRAL, S.A. DE C.V. 	169	SERRAL
2018	México	11	170	SIEGFRIED RHEIN, S.A. DE C.V.	170	SIEGFRIED RHEIN
2018	México	11	171	SILANES, S.A. DE C.V., LABORATORIOS	171	SILANES
2018	México	11	173	SOLFRAN , S.A., LABORATORIOS	173	SOLFRAN
2018	México	11	174	SOPHIA S.A. DE C.V., LABORATORIOS	174	SOPHIA
2018	México	11	175	STIEFEL MEXICANA, S.A. DE C.V.	175	STIEFEL
2018	México	11	176	STREGER, S.A.	176	STREGER 
2018	México	11	177	SUN PHARMA DE MÉXICO, S.A. DE C.V.	177	SUN PHARMA 
2018	México	11	180	SYNTEX, S.A. DE C.V.	180	SYNTEX
2018	México	11	181	TECNOFARMA, S.A. DE C.V.	181	TECNOFARMA 
2018	México	11	182	TEVA PHARMACEUTICALS MÉXICO	182	TEVA
2018	México	11	183	UCB DE MÉXICO, S.A. DE C.V.	183	UCB 
2018	México	11	184	UNIPHARM DE MÉXICO S.A. DE C.V.	184	UNIPHARM 
2018	México	11	185	USANA MÉXICO, S.A. DE C.V.	185	USANA
2018	México	11	186	VALDECASAS, S.A., LABORATORIOS	186	VALDECASAS
2018	México	11	187	VALEANT FARMACÉUTICA, S.A. DE C.V.	187	VALEANT
2018	México	11	190	WERMAR PHARMACEUTICALS, S.A. DE C.V.	190	WERMAR PHARMACEUTICALS
2018	México	11	191	WINTHROP PHARMACEUTICALS DE MÉXICO, S.A. DE C.V.	191	WINTHROP 
2018	México	11	193	WYETH, S.A. DE C.V.	192	WYETH
2018	México	11	194	ZAFIRO, S.A. DE C.V., LABORATORIOS	194	ZAFIRO
2018	México	11	1012	GENZYME MÉXICO, S. DE R.L. DE C.V.	1012	GENZYME
2018	México	11	1013	LABORATORIOS REBSTER DE MÉXICO, S.A.	1013	REBSTER
2018	México	11	1014	VANQUISH	1014	VANQUISH
2018	México	11	1016	POEN VISIÓN, S.A. DE C.V.	1016	POEN
2018	México	11	1017	MEAD JOHNSON NUTRICIONALES DE MÉXICO, S. DE R.L. DE C.V.	1017	MEAD JOHNSON
2018	México	11	1018	FERRER THERAPEUTICS, S.A DE C.V.	1018	FERRER 
2018	México	11	1019	ADVAITA PHARMA, S.A. DE C.V.	1019	ADVAITA
2018	México	11	1361	BUFFINGTON´S DE MÉXICO, S.A. DE C.V.	1361	BUFFINGTON´S
2018	México	11	1362	DERMACEUTICAL MÉXICO, S.A. DE C.V.	1362	DERMACEUTICAL
2018	México	11	1363	GRACEWAY MÉXICO, S. DE R.L. DE C.V.	1363	GRACEWAY
2018	México	11	1364	A. MENARINI FARMACEUTICA INTERNAZIONALE, S.R.L.	1364	MENARINI
2018	México	11	1365	ESTERIPHARMA MÉXICO, S.A. DE C.V.	1365	ESTERIPHARMA
2018	México	11	1366	LABORATORIOS DIBAR, S.A. DE C.V.	1366	DIBAR
2018	México	11	1367	CELL PHARMA, S. DE R.L. DE C.V.	1367	CELLPHARMA
2018	México	11	2322	BDF	2322	BDF
2018	México	11	2324	DIVINE SKIN LABORATORIES, S.A. DE C.V.	2324	DIVINE SKIN
2018	México	11	2325	GRUPO VENTA INTERNACIONAL, S.A. DE C.V.	2325	GVI
2018	México	11	2326	MEDA PHARMA S. DE R. L. DE C.V.	2326	MEDA PHARMA
2018	México	11	2329	ALFA WASSERMANN, S.A. DE C.V.	2329	ALFA WASSERMANN
2018	México	11	2329	LABORATORIOS ALFASIGMA MÉXICO, S.A. DE C.V.	2329	ALFA WASSERMANN
2018	México	11	2331	BAYER DE MÉXICO, S.A. DE C.V.	22	BAYER
2018	México	11	2332	BOEHRINGER INGELHEIM PROMECO S.A. DE C.V.	2332	BOEHRINGER
2018	México	11	2333	GLENMARK PHARMACEUTICALS MÉXICO, S.A. DE C.V.	2333	GLENMARK 
2018	México	11	2334	GRUPO MEDIFARMA, S.A. DE C.V.	2334	MEDIFARMA
2018	México	11	2335	IVAX PHARMACEUTICALS MÉXICO, S.A. DE C.V.	2335	IVAX
2018	México	11	2337	ACCORD FARMA, S.A. DE C.V.	2337	ACCORD
2018	México	11	2339	GELPHARMA, S.A. DE C.V.	2339	GELPHARMA
2018	México	11	2340	NOVOPHARM, S.A. DE C.V.	2340	NOVOPHARM
2018	México	11	2341	S & M NANO - BIOTECHNOLOGY, S.A. DE C.V	2341	SANKI
2018	México	11	2342	TORRENT, S.A. DE C.V., LABORATORIOS	2342	TORRENT
2018	México	11	2415	TAKEDA MÉXICO S.A DE C.V	2415	TAKEDA
2018	México	11	2472	PIERRE-FABRE FARMA DE MÉXICO, S.A. DE C.V.	133	PIERRE FABRE
2018	México	11	2493	MEAD JOHNSON NUTRICIONALES DE MÉXICO, S. DE R.L. DE C.V.	1017	MEAD JOHNSON
2018	México	11	2494	RECKITT BENCKISER MÉXICO S.A. DE C.V.	2494	RECKITT BENCKISER
2018	México	11	2496	COMERCIALIZADORA FARMACÉUTICA DE CHIAPAS, S. A. DE C. V.	2496	FARMACIAS DEL AHORRO
2018	México	11	2501	ACTELION	2501	ACTELION
2018	México	11	2502	JOHNSON & JOHNSON CONSUMO	2502	JOHNSON & JOHNSON
2018	México	11	2503	ARLEX DE MÉXICO, S.A. DE C.V.	2503	ARLEX
2018	México	11	2504	FARMACIA GUADALAJARA	2504	FARMACIA GUADALAJARA
2018	México	11	2505	FARMACIAS MEDIMART	2505	MEDIMART
2018	México	11	2506	AMGEN MÉXICO, S.A. DE C.V.	2506	AMGEN
2018	México	11	2507	IPSEN MÉXICO, S.A. DE C.V.	2507	IPSEN
2018	México	11	2508	FARMAPIEL	2508	FARMAPIEL
2018	México	11	2509	LA ROCHE-POSAY LABORATOIRE DERMATOLOGIQUE	2509	LA ROCHE - POSAY
2018	México	11	2510	TOULOUSE PHARMA, S.A. DE C.V.	2510	TOULOUSE PHARMA
2018	México	11	2514	HIGIA LABORATORIOS	2514	HIGIA
2018	México	11	2515	LABORATORIOS JAYOR MÉXICO	2515	JAYOR
2018	México	11	2516	VITALIS PHARMA	2516	VITALIS
2018	México	11	2517	INTELLIGENCE PHARMACEUTICAL NETWORK	2517	INTELPHARMA
2018	México	11	2518	ALLEN LABORATORIOS, S.A. DE C.V.	2518	ALLEN
2018	México	11	2519	ELITE MEDICAL	2519	ELITE MEDICAL
2018	México	11	2521	Church & Dwright, S. de R.L. de C.V.	2521	CHURCH & DWIGHT  
2018	México	11	2643	UP PHARMA, S.A. DE C.V.	2643	ZELLER SUIZA
2018	México	11	2643	LABORATORIO ZELLER SUIZA	2643	ZELLER SUIZA
2018	México	11	2646	INTERLAB PHARMACÉUTICA	2646	INTERLAB
2018	México	11	2648	ISIS PHARMA	2648	ISIS PHARMA
2018	México	11	2650	SESDERMA MEXICO	2650	SESDERMA
2018	México	11	2651	CONSORCIO DERMATOLÓGICO DE MÉXICO S.A. DE C.V.	2651	CDM
2018	México	11	2653	COSMÉTICOS DERMATOLOGICOS DE MÉXICO	2653	GENOVE
2018	México	11	2654	ISDIN MEXICO SA DE CV	2654	ISDIN
2018	México	11	2655	APOTEX	2655	APOTEX
2018	México	11	2657	MICRO PHARMACEUTICALS	2657	MICROMEX
2018	México	11	2664	PHARMAGEN	2664	PHARMAGEN
2018	México	11	2672	ASPEN LABS	2672	ASPEN
2018	México	11	2675	MOKSHA 8	2675	MOKSHA 8
2018	México	11	2676	ABBVIE	2676	ABBVIE
2018	México	11	2679	ZURICH PHARMA, S.A. DE C.V.	2679	ZURICH PHARMA
2018	México	11	2713	LABORATORIOS EXPANSCIENCE MÉXICO, S.A. DE C.V.	2713	EXPANSCIENCE
2018	México	11	2755	FARMACÉUTICA HISPANOAMERICANA	2755	FARMACÉUTICA HISPANOAMERICANA
2018	México	11	2762	OMICRONLAB SA DE CV	2762	OMICRONLAB
2018	México	11	2773	EISAI LABORATORIOS	2773	EISAI
2018	México	11	2774	AVIVIA PHARMA	2774	AVIVIA PHARMA
2018	México	11	2776	PROGELA	2776	PROGELA
2018	México	11	2783	BIOCODEX	2783	BIOCODEX
2018	México	11	2788	SINAX	2788	SINAX
2018	México	11	2789	UP PHARMA	2789	UP PHARMA
2018	México	11	2793	BBRAUN	2793	B. BRAUN
2018	México	11	2794	IMMUNOTEC	2794	IMMUNOTEC
2018	México	11	2796	BIOGENTEC	2796	BIOGENTEC
2018	México	11	2798	PERRIGO	2730	PERRIGO
2018	México	11	2799	GEDEON RICHTER	2799	GEDEON RICHTER
2018	México	11	2800	DKT México	2800	DKT
2018	México	11	2806	KOKUSAI NATURISTA S.A. DE C.V.	2806	KOKUSAI
2018	México	11	2810	SHIRE PHARMACEUTICALS MEXICO S.A. DE C.V.	2810	SHIRE
2018	México	11	2817	CELGENE MÉXICO	2817	CELGENE
2018	México	11	2828	SALUDABLEMENTE S.A. DE C.V.	2828	SALUDABLEMENTE
2018	México	11	2833	CANTABRIA LABS MÉXICO	2833	CANTABRIA
2018	México	11	2835	LABORATORIOS JALOMA S.A. DE C.V.	2835	JALOMA
2018	Perú	14	360	ABBOTT LABORATORIOS S.A.	360	ABBOTT
2018	Perú	14	367	ALCON PHARMACEUTICAL DEL PERÚ S.A.	367	ALCON 
2018	Perú	14	369	ALLERGAN	369	ALLERGAN
2018	Perú	14	380	BAGÓ DEL PERÚ	380	BAGÓ
2018	Perú	14	381	BAYER S.A.	381	BAYER
2018	Perú	14	383	BEIERSDORF S.A.C.	383	BDF
2018	Perú	14	391	BIOS PERU	391	BIOS PERU
2018	Perú	14	392	BIOTOSCANA FARMA S.A.	392	BIOTOSCANA
2018	Perú	14	393	BOEHRINGER INGELHEIM	393	BOEHRINGER
2018	Perú	14	407	LABORATORIOS CRESPAL - PERÚ	1244	CRESPAL
2018	Perú	14	409	DELFARMA	409	DELFARMA
2018	Perú	14	412	DEUTSCHE PHARMA S.A.C.	412	DEUTSCHE PHARMA 
2018	Perú	14	416	DRINTEFA	416	DRINTEFA
2018	Perú	14	422	DROGUERÍA PERÚ S.A.C.	2666	DROGUERÍA PERÚ SAC
2018	Perú	14	443	FARMINDUSTRIA S.A.	443	FARMINDUSTRIA 
2018	Perú	14	445	DROGUERÍA LABORATORIO FARVET S.A.C.	445	FARVET
2018	Perú	14	453	GIANFARMA S.A.	453	GIANFARMA
2018	Perú	14	454	GLAXOSMITHKLINE PERÚ S.A.	454	GSK
2018	Perú	14	455	GLENMARK PHARMACEUTICAL L.T.D.	455	GLENMARK 
2018	Perú	14	459	GRÜNENTHAL PERUANA S. A.	459	GRÜNENTHAL
2018	Perú	14	461	FARMAKONSUMA	461	FARMAKONSUMA
2018	Perú	14	465	HERSIL S.A.	465	HERSIL 
2018	Perú	14	473	INSTITUTO QUIMIOTERÁPICO S.A.	473	IQFARMA
2018	Perú	14	477	INTIPHARMA S.A.C.	477	INTIPHARMA 
2018	Perú	14	487	LABORATORIO S.J. ROXFARMA S.A	487	ROXFARMA
2018	Perú	14	488	LABORATORIOS AMERICANOS S.A - LABOT	488	LABORATORIOS AMERICANOS
2018	Perú	14	489	LABORATORIOS D.A. CARRION S.A.C.	489	CARRION
2018	Perú	14	498	LAMOSAN	498	LAMOSAN
2018	Perú	14	499	LANSIER	493	LANSIER
2018	Perú	14	504	LUKOLL S.A.C.	504	LUKOLL 
2018	Perú	14	505	LABORATORIOS UNIDOS S.A.	505	LUSA
2018	Perú	14	511	MEAD JOHNSON NUTRITION	511	MEAD JOHNSON
2018	Perú	14	512	MEDIFARMA S.A.	512	MEDIFARMA
2018	Perú	14	518	MERCK PERUANA S.A	518	MERCK
2018	Perú	14	527	NOVARTIS BIOSCIENCES PERU S.A.	527	NOVARTIS
2018	Perú	14	530	OM PHARMA S.A	530	OM PHARMA
2018	Perú	14	534	ORDESA	534	ORDESA
2018	Perú	14	538	PALMAGYAR S.A.	538	PALMAGYAR 
2018	Perú	14	544	PFIZER S.A.	544	PFIZER
2018	Perú	14	545	PHARBAL S.A.	545	PHARBAL
2018	Perú	14	555	CONTILAB	555	CONTILAB
2018	Perú	14	558	QUILAB (QUIMICA SUIZA S.A.)	558	QUILAB
2018	Perú	14	561	EUROFARMA PERÚ S.A.C.	561	EUROFARMA
2018	Perú	14	565	ROEMMERS S.A.	565	ROEMMERS
2018	Perú	14	573	SANOFI-AVENTIS DEL PERÚ S.A.	572	SANOFI
2018	Perú	14	577	SENOSIAIN S.A DE C.V., LABORATORIOS	577	SENOSIAIN
2018	Perú	14	581	SIEGFRIED S.A.	581	SIEGFRIED RHEIN
2018	Perú	14	587	TECNOFARMA S.A.	587	TECNOFARMA 
2018	Perú	14	593	UNIMED DEL PERÚ S.A.	593	UNIMED
2018	Perú	14	599	VITALIS PERU S.A.C.	599	VITALIS
2018	Perú	14	601	WORLD PHARMA S.A.C.	601	WORLD PHARMA 
2018	Perú	14	1228	DROGUERIAS UNIDAS DEL PERU	1228	DROGUERIAS UNIDAS 
2018	Perú	14	1259	PHARMEX S.A.C.	1259	PHARMEX
2018	Perú	14	1403	ALBIS	1403	ALBIS
2018	Perú	14	1420	TECHSPHERE PERÚ	1420	TECHSPHERE
2018	Perú	14	1424	NOVAX E.I.R.L.	1424	NOVAX
2018	Perú	14	2481	OQPHARMA S.A.C.	2481	OQPHARMA
2018	Perú	14	2482	PHARMAGEN	2482	PHARMAGEN
2018	Perú	14	2536	TEVA	2536	TEVA
2018	Perú	14	2537	NOVO NORDISK	2537	NOVO NORDISK
2018	Perú	14	2665	TAKEDA S.R.L.	2665	TAKEDA
2018	Perú	14	2666	DAEWON PHARM CO LTDA	2666	DROGUERÍA PERÚ SAC
2018	Perú	14	2667	KOREA UNITED PHARM	2666	DROGUERÍA PERÚ SAC
2018	Perú	14	2668	UNION KOREA PHARM	2666	DROGUERÍA PERÚ SAC
2018	Perú	14	2772	PBM NUTRITIONALS LLC (DROPESAC)	2666	DROGUERÍA PERÚ SAC
2018	Perú	14	2791	APRIPHARMA (DROPESAC)	2791	APRIPHARMA
2018	Perú	14	2792	PHARMARIS PERÚ S.A.C.	2792	PHARMARIS
2018	Chile	38	2550	ABBOTT LABORATORIES DE CHILE LTDA.	2550	ABBOTT
2018	Chile	38	2551	ALCON LABORATORIOS CHILE LTDA.	2551	ALCON
2018	Chile	38	2552	ALLERGAN LABORATORIOS LTDA.	2552	ALLERGAN
2018	Chile	38	2554	ANDROMACO S.A.	2554	ANDRÓMACO
2018	Chile	38	2555	ASTRAZENECA CHILE S.A.	2555	ASTRAZENECA
2018	Chile	38	2556	AXON - PHARMA FARMACEUTICA LTDA.	2556	AXON
2018	Chile	38	2557	B. BRAUN MEDICAL S.A.	2557	B. BRAUN
2018	Chile	38	2558	BAGÓ DE CHILE S.A.	2558	BAGÓ
2018	Chile	38	2559	BAXTER CHILE	2559	BAXTER
2018	Chile	38	2560	BAYER S. A.	2560	BAYER
2018	Chile	38	2562	BIOPHARM	2562	BIOPHARM
2018	Chile	38	2563	BIOSANO S. A.	2563	BIOSANO
2018	Chile	38	2564	BIOTOSCANA FARMA S.A.	2564	BIOTOSCANA
2018	Chile	38	2565	BOEHRINGER INGELHEIM LTDA.	2565	BOEHRINGER
2018	Chile	38	2566	BRISTOL - MYERS SQUIBB DE CHILE	2566	BRISTOL-MYERS SQUIBB
2018	Chile	38	2568	CHEMOPHARMA S.A.	2568	CHEMOPHARMA
2018	Chile	38	2569	CHILE S.A.	2569	CHILE
2018	Chile	38	2571	D&M PHARMA S.A.	2571	D&M PHARMA
2018	Chile	38	2575	DISPOLAB FARMACEUTICA S.A.	2575	DISPOLAB
2018	Chile	38	2576	DROGUERIA FARMOQUIMICA DEL PACIFICO	2576	FARMOQUIMICA DEL PACIFICO
2018	Chile	38	2577	DRUGTECH	2577	DRUGTECH
2018	Chile	38	2578	ELI LILLY INTERAMERICA INC. y CIA LTDA.	2578	ELI LILLY
2018	Chile	38	2580	ETEX FARMACEUTICA LTDA.	2580	ETEX
2018	Chile	38	2581	EUROLAB LTDA.	2581	EUROLAB
2018	Chile	38	2582	EXPOFARMA LTDA.	2582	EXPOFARMA
2018	Chile	38	2583	FARMACEUTICO MASTER S. A.	2583	FARMACEUTICO MASTER
2018	Chile	38	2585	FERRING CHILE	2585	FERRING
2018	Chile	38	2586	GALDERMA CHILE LABORATORIOS LTDA.	2586	GALDERMA
2018	Chile	38	2588	GLAXOSMITHKLINE CHILE FARMACEUTICA LTDA.	2588	GSK
2018	Chile	38	2589	GRIFOLS CHILE S.A.-	2589	GRIFOLS
2018	Chile	38	2590	GRÜNENTHAL CHILENA LTDA.	2590	GRÜNENTHAL
2018	Chile	38	2591	GYNOPHARM	2591	GYNOPHARM
2018	Chile	38	2593	INSTITUTO SANITAS S. A.	2593	SANITAS
2018	Chile	38	2594	INTERPHARMA S.A.	2594	INTERPHARMA
2018	Chile	38	2596	ITF - LABOMED FARMACEUTICA LIMITADA	2596	ITF LABOMED
2018	Chile	38	2597	JANSSEN CILAG	2597	JANSSEN
2018	Chile	38	2598	JOHNSON & JOHNSON PERSONAL CARE CHILE S.A.	2598	JOHNSON & JOHNSON
2018	Chile	38	2599	K2 HEALTH & WELLNESS	2599	K2 HEALTH & WELLNESS
2018	Chile	38	2600	KAMPAR S.A.	2600	KAMPAR
2018	Chile	38	2602	LAFI	2602	LAFI
2018	Chile	38	2603	LUNDBECK CHILE LTDA.	2603	LUNDBECK
2018	Chile	38	2604	MAVER LTDA.	2604	MAVER
2018	Chile	38	2605	MEDIDERM	2605	MEDIDERM
2018	Chile	38	2606	MEDIPHARM LTDA.	2606	MEDIPHARM
2018	Chile	38	2607	MERCK S.A.	2607	MERCK
2018	Chile	38	2608	MERCK SERONO	2607	MERCK
2018	Chile	38	2609	MERCK SHARP & DOHME I.A. CORP.	2609	MSD
2018	Chile	38	2610	MINTLAB CO S.A.	2610	MINTLAB
2018	Chile	38	2611	NOVARTIS CHILE S.A.	2611	NOVARTIS
2018	Chile	38	2613	PASTEUR S.A.	2613	PASTEUR
2018	Chile	38	2614	PENTAFARMA S.A.	2614	PENTAFARMA
2018	Chile	38	2616	PFIZER DE CHILE S.A.	2616	PFIZER
2018	Chile	38	2617	PHARMA INVESTI DE CHILE S. A.	2617	PHARMA INVESTI
2018	Chile	38	2618	PHARMACROSS BIOCROSS S.A.	2618	BIOCROSS
2018	Chile	38	2619	PHARMAVITA S.A.	2619	PHARMAVITA
2018	Chile	38	2620	PRATER S.A.	2620	PRATER
2018	Chile	38	2621	RAFFO S.A.	2621	RAFFO
2018	Chile	38	2622	RECALCINE S. A.	2622	RECALCINE
2018	Chile	38	2623	RIDER Ltda.	2623	RIDER
2018	Chile	38	2624	ROCHE CHILE LTDA.	2624	ROCHE 
2018	Chile	38	2625	ROERIG S.A.	2625	ROERIG
2018	Chile	38	2626	ROYAL PHARMA	2626	ROYAL
2018	Chile	38	2627	SANDERSON S. A.	2627	SANDERSON 
2018	Chile	38	2628	SANOFI - AVENTIS DE CHILE S.A.	2628	SANOFI
2018	Chile	38	2629	SANOFI-PASTEUR S.A.	2628	SANOFI
2018	Chile	38	2630	SAVAL - NICOLICH	2630	SAVAL 
2018	Chile	38	2631	SAVAL S. A.	2630	SAVAL 
2018	Chile	38	2632	SILESIA S.A.	2632	SILESIA
2018	Chile	38	2633	SMB FARMA S. A.	2633	SMB
2018	Chile	38	2635	TECNOFARMA S. A.	2635	TECNOFARMA 
2018	Chile	38	2636	VALMA LTDA.	2636	VALMA
2018	Chile	38	2637	VOLTA S.A.	2637	VOLTA
2018	Chile	38	2641	WYETH CONSUMER HEALTHCARE CHILE	2641	WYETH
2018	Chile	38	2642	WYETH INC.	2641	WYETH
